processid	sampleid	recordID	catalognum	fieldnum	institution_storing	bin_uri	phylum_taxID	phylum_name	class_taxID	class_name	order_taxID	order_name	family_taxID	family_name	subfamily_taxID	subfamily_name	genus_taxID	genus_name	species_taxID	species_name	subspecies_taxID	subspecies_name	identification_provided_by	voucher_type	tissue_type	collectors	collectiondate	lifestage	sex	reproduction	extrainfo	notes	lat	lon	coord_source	coord_accuracy	country	province	region	exactsite	sequenceID	markercode	genbank_accession	nucleotides	
FBACB1041-11	BC ZSM HYM 09971	2374525	BC ZSM HYM 09971	BC ZSM HYM 09971	SNSB, Zoologische Staatssammlung Muenchen	BOLD:AAU2880	20	Arthropoda	82	Insecta	125	Hymenoptera	78818	Philanthidae	2017	Philanthinae	7490	Cerceris	349409	Cerceris interrupta	 	 	Christian Schmid-Egger	 	 	C. Schmid-Egger	2011-07-16	A	M	S	 	 	48.08	7.65	 	 	Germany	Baden-Wuerttemberg	 	Kaiserstuhl, 1 km E Bickensohl	4321873	COI-5P	MH610001	TATATTATATTTTTTATTTGGTATATGATCCGGAATACTAGGAGCATCATTTAGTATAATAATTCGATTAGAATTAAGATCCCCAGGAAGATTTATTAATAATAGACAATTATATAATAGAATCGTAACTACACACGCATTTATTATAATTTTTTTTATAGTAATACCATTTATAATTGGAGGATTTGGAAATTGATTAATTCCTATAATATTAGGAGCACCAGACATAGCATTTCCTCGAATAAATAATATAAGTTTTTGACTTTTACCACCTTCATTAATTTTCTTATTATTAAGATCAATTACAAATCAAGGATTAGGAACAGGATGAACATTATATCCACCACTATCCAGAAATACAGGTCATAGAAGAATATCTGTTGACATATCTATTTTTTCATTACATATAGCTGGTATTTCTTCTATTATAGGTGCTATTAATTTTATTGTAACAATTATTAATATACATAATAATAATATTGTAATAGAAAAATTACAATTATTAAATTGATCAATTTTAACAACTGCAGTACTCTTATTATTATCTTTACCAGTTCTTGCTGGAGCAATTACTATACTTTTATTTGATCGTAATTTAAACACATCATTTTTTGATCCATCAGGAGGAGGAGATCCTATTTTATATCAACATTTATTT	
FBACB149-11	BC ZSM HYM 06229	1817305	BC ZSM HYM 06229	BC ZSM HYM 06229	SNSB, Zoologische Staatssammlung Muenchen	BOLD:AAU2880	20	Arthropoda	82	Insecta	125	Hymenoptera	78818	Philanthidae	2017	Philanthinae	7490	Cerceris	349409	Cerceris interrupta	 	 	Christian Schmid-Egger	 	 	C. Schmid-Egger	2008-07-24	A	F	S	 	 	52.56	14.49	 	 	Germany	Brandenburg	 	13 km NNW Frankfurt-Oder, Mallnow, br ma	3877291	COI-5P	MH609111	TATATTATATTTTTTATTTGGTATATGATCTGGAATACTAGGAGCATCATTTAGTATAATAATTCGATTAGAATTAAGATCCCCAGGAAGATTTATTAATAATAGACAATTATATAATAGAATCGTAACTACACACGCATTTATTATAATTTTTTTTATAGTAATACCATTTATAATTGGAGGATTTGGAAATTGATTAATTCCTATAATATTAGGAGCACCAGACATAGCATTTCCTCGAATAAATAATATAAGTTTTTGACTTTTACCACCTTCATTAATTTTCTTATTATTAAGATCAATTACAAATCAAGGATTAGGAACAGGATGAACATTATATCCACCACTATCCAGAAATACAGGTCATAGAAGAATATCTGTTGACATATCTATTTTTTCATTACATATAGCTGGTATTTCTTCTATTATAGGTGCTATTAATTTTATTGTAACAATTATTAATATACATAATAATAATATTGTAATAGAAAAATTACAATTATTAAATTGATCAATTTTAACAACTGCAGTACTCTTATTATTATCTTTACCAGTTCTTGCTGGAGCAATTACTATACTTTTATTTGATCGTAATTTAAACACATCATTTTTTGATCCATCAGGAGGAGGAGATCCTATTTTATATCAACATTTATTT	
FBACB150-11	BC ZSM HYM 06230	1817306	BC ZSM HYM 06230	BC ZSM HYM 06230	SNSB, Zoologische Staatssammlung Muenchen	BOLD:AAU2880	20	Arthropoda	82	Insecta	125	Hymenoptera	78818	Philanthidae	2017	Philanthinae	7490	Cerceris	349409	Cerceris interrupta	 	 	Christian Schmid-Egger	 	 	C. Schmid-Egger	2008-07-24	A	F	S	 	 	52.56	14.49	 	 	Germany	Brandenburg	 	13 km NNW Frankfurt-Oder, Mallnow, br ma	3877292	COI-5P	MH609426	TATATTATATTTTTTATTTGGTATATGATCTGGAATACTAGGAGCATCATTTAGTATAATAATTCGATTAGAATTAAGATCCCCAGGAAGATTTATTAATAATAGACAATTATATAATAGAATCGTAACTACACACGCATTTATTATAATTTTTTTTATAGTAATACCATTTATAATTGGAGGATTTGGAAATTGATTAATTCCTATAATATTAGGAGCACCAGACATAGCATTTCCTCGAATAAATAATATAAGTTTTTGACTTTTACCACCTTCATTAATTTTCTTATTATTAAGATCAATTACAAATCAAGGATTAGGAACAGGATGAACATTATATCCACCACTATCCAGAAATACAGGTCATAGAAGAATATCTGTTGACATATCTATTTTTTCATTACATATAGCTGGTATTTCTTCTATTATAGGTGCTATTAATTTTATTGTAACAATTATTAATATACATAATAATAATATTGTAATAGAAAAATTACAATTATTAAATTGATCAATTTTAACAACTGCAGTACTCTTATTATTATCTTTACCAGTTCTTGCTGGAGCAATTACTATACTTTTATTTGATCGTAATTTAAACACATCATTTTTTGATCCATCAGGAGGAGGAGATCCTATTTTATATCAACATTTATTT	
FBACB151-11	BC ZSM HYM 06231	1817307	BC ZSM HYM 06231	BC ZSM HYM 06231	SNSB, Zoologische Staatssammlung Muenchen	BOLD:AAU2880	20	Arthropoda	82	Insecta	125	Hymenoptera	78818	Philanthidae	2017	Philanthinae	7490	Cerceris	349409	Cerceris interrupta	 	 	Christian Schmid-Egger	 	 	C. Schmid-Egger	2008-06-30	A	M	S	 	 	52.46	13.53	 	 	Germany	Berlin	 	Berlin, Koepenick, Wuhlheide E Treskowallee, be wu	3877293	COI-5P	MH611194	TATATTATATTTTTTATTTGGTATATGATCTGGAATACTAGGAGCATCATTTAGTATAATAATTCGATTAGAATTAAGATCCCCAGGAAGATTTATTAATAATAGACAATTATATAATAGAATCGTAACTACACACGCATTTATTATAATTTTTTTTATAGTAATACCATTTATAATTGGAGGATTTGGAAATTGATTAATTCCTATAATATTAGGAGCACCAGACATAGCATTTCCTCGAATAAATAATATAAGTTTTTGACTTTTACCACCTTCATTAATTTTCTTATTATTAAGATCAATTACAAATCAAGGATTAGGAACAGGATGAACATTATATCCACCACTATCCAGAAATACAGGTCATAGAAGAATATCTGTTGACATATCTATTTTTTCATTACATATAGCTGGTATTTCTTCTATTATAGGTGCTATTAATTTTATTGTAACAATTATTAATATACATAATAATAATATTGTAATAGAAAAATTACAATTATTAAATTGATCAATTTTAACAACTGCAGTACTCTTATTATTATCTTTACCAGTTCTTGCTGGAGCAATTACTATACTTTTATTTGATCGTAATTTAAACACATCATTTTTTGATCCATCAGGAGGAGGAGATCCTATTTTATATCAACATTTATTT	
FBACB152-11	BC ZSM HYM 06232	1817308	BC ZSM HYM 06232	BC ZSM HYM 06232	SNSB, Zoologische Staatssammlung Muenchen	BOLD:AAU2880	20	Arthropoda	82	Insecta	125	Hymenoptera	78818	Philanthidae	2017	Philanthinae	7490	Cerceris	349409	Cerceris interrupta	 	 	Christian Schmid-Egger	 	 	C. Schmid-Egger	2008-06-30	A	M	S	 	 	52.47	13.51	 	 	Germany	Berlin	 	Berlin, Koepenick, Wuhlheide E Treskowallee, be wu	3877294	COI-5P	MH609346	TATATTATATTTTTTATTTGGTATATGATCTGGAATACTAGGAGCATCATTTAGTATAATAATTCGATTAGAATTAAGATCCCCAGGAAGATTTATTAATAATAGACAATTATATAATAGAATCGTAACTACACACGCATTTATTATAATTTTTTTTATAGTAATACCATTTATAATTGGAGGATTTGGAAATTGATTAATTCCTATAATATTAGGAGCACCAGACATAGCATTTCCTCGAATAAATAATATAAGTTTTTGACTTTTACCACCTTCATTAATTTTCTTATTATTAAGATCAATTACAAATCAAGGATTAGGAACAGGATGAACATTATATCCACCACTATCCAGAAATACAGGTCATAGAAGAATATCTGTTGACATATCTATTTTTTCATTACATATAGCTGGTATTTCTTCTATTATAGGTGCTATTAATTTTATTGTAACAATTATTAATATACATAATAATAATATTGTAATAGAAAAATTACAATTATTAAATTGATCAATTTTAACAACTGCAGTACTCTTATTATTATCTTTACCAGTTCTTGCTGGAGCAATTACTATACTTTTATTTGATCGTAATTTAAACACATCATTTTTTGATCCATCAGGAGGAGGAGATCCTATTTTATATCAACATTTATTT	
FBACB441-11	BC ZSM HYM 08041	2082830	BC ZSM HYM 08041	BC ZSM HYM 08041	SNSB, Zoologische Staatssammlung Muenchen	BOLD:AAU2880	20	Arthropoda	82	Insecta	125	Hymenoptera	78818	Philanthidae	2017	Philanthinae	7490	Cerceris	349409	Cerceris interrupta	 	 	Christian Schmid-Egger	 	 	G. Reder	2009-07-15	A	F	S	 	 	49.797	8.345	 	 	Germany	Rhineland-Palatinate	 	Guntersblum, Loesshaenge, 0,5 km N	4063592	COI-5P	MH610160	TATATTATATTTTTTATTTGGTATATGATCTGGAATACTAGGAGCATCATTTAGTATAATAATTCGATTAGAATTAAGATCCCCAGGAAGATTTATTAATAATAGACAATTATATAATAGAATCGTAACTACACACGCATTTATTATAATTTTTTTTATAGTAATACCATTTATAATTGGAGGATTTGGAAATTGATTAATTCCTATAATATTAGGAGCACCAGACATAGCATTTCCTCGAATAAATAATATAAGTTTTTGACTTTTACCACCTTCATTAATTTTCTTATTATTAAGATCAATTACAAATCAAGGATTAGGAACAGGATGAACATTATATCCACCACTATCCAGAAATACAGGTCATAGAAGAATATCTGTTGACATATCTATTTTTTCATTACATATAGCTGGTATTTCTTCTATTATAGGTGCTATTAATTTTATTGTAACAATTATTAATATACATAATAATAATATTGTAATAGAAAAATTACAATTATTAAATTGATCAATTTTAACAACTGCAGTACTCTTATTATTATCTTTACCAGTTCTTGCTGGAGCAATTACTATACTTTTATTTGATCGTAATTTAAACACATCATTTTTTGATCCATCAGGAGGAGGAGATCCTATTTTATATCAACATTTATTT	
FBACB442-11	BC ZSM HYM 08042	2082831	BC ZSM HYM 08042	BC ZSM HYM 08042	SNSB, Zoologische Staatssammlung Muenchen	BOLD:AAU2880	20	Arthropoda	82	Insecta	125	Hymenoptera	78818	Philanthidae	2017	Philanthinae	7490	Cerceris	349409	Cerceris interrupta	 	 	Christian Schmid-Egger	 	 	G. Reder	2010-08-01	A	F	S	 	 	49.218	8.369	 	 	Germany	Rhineland-Palatinate	 	Germersheim, Duene am westl. Ortsrand	4063593	COI-5P	MH610849	TATATTATATTTTTTATTTGGTATATGATCTGGAATACTAGGAGCATCATTTAGTATAATAATTCGATTAGAATTAAGATCCCCAGGAAGATTTATTAATAATAGACAATTATATAATAGAATCGTAACTACACACGCATTTATTATAATTTTTTTTATAGTAATACCATTTATAATTGGAGGATTTGGAAATTGATTAATTCCTATAATATTAGGAGCACCAGACATAGCATTTCCTCGAATAAATAATATAAGTTTTTGACTTTTACCACCTTCATTAATTTTCTTATTATTAAGATCAATTACAAATCAAGGATTAGGAACAGGATGAACATTATATCCACCACTATCCAGAAATACAGGTCATAGAAGAATATCTGTTGACATATCTATTTTTTCATTACATATAGCTGGTATTTCTTCTATTATAGGTGCTATTAATTTTATTGTAACAATTATTAATATACATAATAATAATATTGTAATAGAAAAATTACAATTATTAAATTGATCAATTTTAACAACTGCAGTACTCTTATTATTATCTTTACCAGTTCTTGCTGGAGCAATTACTATACTTTTATTTGATCGTAATTTAAACACATCATTTTTTGATCCATCAGGAGGAGGAGATCCTATTTTATATCAACATTTATTT	
FBACB443-11	BC ZSM HYM 08043	2082832	BC ZSM HYM 08043	BC ZSM HYM 08043	SNSB, Zoologische Staatssammlung Muenchen	BOLD:AAU2880	20	Arthropoda	82	Insecta	125	Hymenoptera	78818	Philanthidae	2017	Philanthinae	7490	Cerceris	349409	Cerceris interrupta	 	 	Christian Schmid-Egger	 	 	G. Reder	2009-07-07	A	M	S	 	 	49.797	8.345	 	 	Germany	Rhineland-Palatinate	 	Guntersblum, Loesshaenge, 0,5 km N	4063594	COI-5P	MH610039	TATATTATATTTTTTATTTGGTATATGATCTGGAATACTAGGAGCATCATTTAGTATAATAATTCGATTAGAATTAAGATCCCCAGGAAGATTTATTAATAATAGACAATTATATAATAGAATCGTAACTACACACGCATTTATTATAATTTTTTTTATAGTAATACCATTTATAATTGGAGGATTTGGAAATTGATTAATTCCTATAATATTAGGAGCACCAGACATAGCATTTCCTCGAATAAATAATATAAGTTTTTGACTTTTACCACCTTCATTAATTTTCTTATTATTAAGATCAATTACAAATCAAGGATTAGGAACAGGATGAACATTATATCCACCACTATCCAGAAATACAGGTCATAGAAGAATATCTGTTGACATATCTATTTTTTCATTACATATAGCTGGTATTTCTTCTATTATAGGTGCTATTAATTTTATTGTAACAATTATTAATATACATAATAATAATATTGTAATAGAAAAATTACAATTATTAAATTGATCAATTTTAACAACTGCAGTACTCTTATTATTATCTTTACCAGTTCTTGCTGGAGCAATTACTATACTTTTATTTGATCGTAATTTAAACACATCATTTTTTGATCCATCAGGAGGAGGAGATCCTATTTTATATCAACATTTATTT	
FBACB444-11	BC ZSM HYM 08044	2082833	BC ZSM HYM 08044	BC ZSM HYM 08044	SNSB, Zoologische Staatssammlung Muenchen	BOLD:AAU2880	20	Arthropoda	82	Insecta	125	Hymenoptera	78818	Philanthidae	2017	Philanthinae	7490	Cerceris	349409	Cerceris interrupta	 	 	Christian Schmid-Egger	 	 	G. Reder	2003-07-13	A	M	S	 	 	49.557	8.069	 	 	Germany	Rhineland-Palatinate	 	Eisenberg, Galgenberg	4063595	COI-5P	MH608470	TATATTATATTTTTTATTTGGTATATGATCTGGAATACTAGGAGCATCATTTAGTATAATAATTCGATTAGAATTAAGATCCCCAGGAAGATTTATTAATAATAGACAATTATATAATAGAATCGTAACTACACACGCATTTATTATAATTTTTTTTATAGTAATACCATTTATAATTGGAGGATTTGGAAATTGATTAATTCCTATAATATTAGGAGCACCAGACATAGCATTTCCTCGAATAAATAATATAAGTTTTTGACTTTTACCACCTTCATTAATTTTCTTATTATTAAGATCAATTACAAATCAAGGATTAGGAACAGGATGAACATTATATCCACCACTATCCAGAAATACAGGTCATAGAAGAATATCTGTTGACATATCTATTTTTTCATTACATATAGCTGGTATTTCTTCTATTATAGGTGCTATTAATTTTATTGTAACAATTATTAATATACATAATAATAATATTGTAATAGAAAAATTACAATTATTAAATTGATCAATTTTAACAACTGCAGTACTCTTATTATTATCTTTACCAGTTCTTGCTGGAGCAATTACTATACTTTTATTTGATCGTAATTTAAACACATCATTTTTTGATCCATCAGGAGGAGGAGATCCTATTTTATATCAACATTTATTT	
GBACU1928-12	BC ZSM HYM 14373	2912282	BC ZSM HYM 14373	BC ZSM HYM 14373	SNSB, Zoologische Staatssammlung Muenchen	BOLD:AAU2880	20	Arthropoda	82	Insecta	125	Hymenoptera	78818	Philanthidae	2017	Philanthinae	7490	Cerceris	349409	Cerceris interrupta	 	 	Christian Schmid-Egger	 	 	Schmid-Egger	2012-07-02	A	M	S	 	 	52.21	13.48	 	 	Germany	Brandenburg	 	Zossen	4906767	COI-5P	MH611136	TATATTATATTTTTTATTTGGTATATGATCTGGAATACTAGGAGCATCATTTAGTATAATAATTCGATTAGAATTAAGATCCCCAGGAAGATTTATTAATAATAGACAATTATATAATAGAATCGTAACTACACACGCATTTATTATAATTTTTTTTATAGTAATACCATTTATAATTGGAGGATTTGGAAATTGATTAATTCCTATAATATTAGGAGCACCAGACATAGCATTTCCTCGAATAAATAATATAAGTTTTTGACTTTTACCACCTTCATTAATTTTCTTATTATTAAGATCAATTACAAATCAAGGATTAGGAACAGGATGAACATTATATCCACCACTATCCAGAAATACAGGTCATAGAAGAATATCTGTTGACATATCTATTTTTTCATTACATATAGCTGGTATTTCTTCTATTATAGGTGCTATTAATTTTATTGTAACAATTATTAATATACATAATAATAATATTGTAATAGAAAAATTACAATTATTAAATTGATCAATTTTAACAACTGCAGTACTCTTATTATTATCTTTACCAGTTCTTGCTGGAGCAATTACTATACTTTTATTTGATCGTAATTTAAACACATCATTTTTTGATCCATCAGGAGGAGGAGATCCTATTTTATATCAACATTTATTT	
GBACU1929-12	BC ZSM HYM 14374	2912283	BC ZSM HYM 14374	BC ZSM HYM 14374	SNSB, Zoologische Staatssammlung Muenchen	BOLD:AAU2880	20	Arthropoda	82	Insecta	125	Hymenoptera	78818	Philanthidae	2017	Philanthinae	7490	Cerceris	349409	Cerceris interrupta	 	 	Christian Schmid-Egger	 	 	Schmid-Egger	2012-07-02	A	M	S	 	 	52.21	13.48	 	 	Germany	Brandenburg	 	Zossen	4906749	COI-5P	MH608482	TATATTATATTTTTTATTTGGTATATGATCTGGAATACTAGGAGCATCATTTAGTATAATAATTCGATTAGAATTAAGATCCCCAGGAAGATTTATTAATAATAGACAATTATATAATAGAATCGTAACTACACACGCATTTATTATAATTTTTTTTATAGTAATACCATTTATAATTGGAGGATTTGGAAATTGATTAATTCCTATAATATTAGGAGCACCAGACATAGCATTTCCTCGAATAAATAATATAAGTTTTTGACTTTTACCACCTTCATTAATTTTCTTATTATTAAGATCAATTACAAATCAAGGATTAGGAACAGGATGAACATTATATCCACCACTATCCAGAAATACAGGTCATAGAAGAATATCTGTTGACATATCTATTTTTTCATTACATATAGCTGGTATTTCTTCTATTATAGGTGCTATTAATTTTATTGTAACAATTATTAATATACATAATAATAATATTGTAATAGAAAAATTACAATTATTAAATTGATCAATTTTAACAACTGCAGTACTCTTATTATTATCTTTACCAGTTCTTGCTGGAGCAATTACTATACTTTTATTTGATCGTAATTTAAACACATCATTTTTTGATCCATCAGGAGGAGGAGATCCTATTTTATATCAACATTTATTT	
GBACU1930-12	BC ZSM HYM 14375	2912284	BC ZSM HYM 14375	BC ZSM HYM 14375	SNSB, Zoologische Staatssammlung Muenchen	BOLD:AAU2880	20	Arthropoda	82	Insecta	125	Hymenoptera	78818	Philanthidae	2017	Philanthinae	7490	Cerceris	349409	Cerceris interrupta	 	 	Christian Schmid-Egger	 	 	Schmid-Egger	2012-06-30	A	M	S	 	 	52.52	13	 	 	Germany	Brandenburg	 	Doeberitzer Heide, Naturschutzzentrum	4906750	COI-5P	MH610530	TATATTATATTTTTTATTTGGTATATGATCTGGAATACTAGGAGCATCATTTAGTATAATAATTCGATTAGAATTAAGATCCCCAGGAAGATTTATTAATAATAGACAATTATATAATAGAATCGTAACTACACACGCATTTATTATAATTTTTTTTATAGTAATACCATTTATAATTGGAGGATTTGGAAATTGATTAATTCCTATAATATTAGGAGCACCAGACATAGCATTTCCTCGAATAAATAATATAAGTTTTTGACTTTTACCACCTTCATTAATTTTCTTATTATTAAGATCAATTACAAATCAAGGATTAGGAACAGGATGAACATTATATCCACCACTATCCAGAAATACAGGTCATAGAAGAATATCTGTTGACATATCTATTTTTTCATTACATATAGCTGGTATTTCTTCTATTATAGGTGCTATTAATTTTATTGTAACAATTATTAATATACATAATAATAATATTGTAATAGAAAAATTACAATTATTAAATTGATCAATTTTAACAACTGCAGTACTCTTATTATTATCTTTACCAGTTCTTGCTGGAGCAATTACTATACTTTTATTTGATCGTAATTTAAACACATCATTTTTTGATCCATCAGGAGGAGGAGATCCTATTTTATATCAACATTTATTT	
GBACU1931-12	BC ZSM HYM 14376	2912285	BC ZSM HYM 14376	BC ZSM HYM 14376	SNSB, Zoologische Staatssammlung Muenchen	BOLD:AAU2880	20	Arthropoda	82	Insecta	125	Hymenoptera	78818	Philanthidae	2017	Philanthinae	7490	Cerceris	349409	Cerceris interrupta	 	 	Christian Schmid-Egger	 	 	Schmid-Egger	2012-06-30	A	M	S	 	 	52.52	13	 	 	Germany	Brandenburg	 	Doeberitzer Heide, Naturschutzzentrum	4906777	COI-5P	MH608763	TATATTATATTTTTTATTTGGTATATGATCTGGAATACTAGGAGCATCATTTAGTATAATAATTCGATTAGAATTAAGATCCCCAGGAAGATTTATTAATAATAGACAATTATATAATAGAATCGTAACTACACACGCATTTATTATAATTTTTTTTATAGTAATACCATTTATAATTGGAGGATTTGGAAATTGATTAATTCCTATAATATTAGGAGCACCAGACATAGCATTTCCTCGAATAAATAATATAAGTTTTTGACTTTTACCACCTTCATTAATTTTCTTATTATTAAGATCAATTACAAATCAAGGATTAGGAACAGGATGAACATTATATCCACCACTATCCAGAAATACAGGTCATAGAAGAATATCTGTTGACATATCTATTTTTTCATTACATATAGCTGGTATTTCTTCTATTATAGGTGCTATTAATTTTATTGTAACAATTATTAATATACATAATAATAATATTGTAATAGAAAAATTACAATTATTAAATTGATCAATTTTAACAACTGCAGTACTCTTATTATTATCTTTACCAGTTCTTGCTGGAGCAATTACTATACTTTTATTTGATCGTAATTTAAACACATCATTTTTTGATCCATCAGGAGGAGGAGATCCTATTTTATATCAACATTTATTT	
GBACU2216-13	BC ZSM HYM 15231	3098701	BC ZSM HYM 15231	BC ZSM HYM 15231	SNSB, Zoologische Staatssammlung Muenchen	BOLD:AAU2880	20	Arthropoda	82	Insecta	125	Hymenoptera	78818	Philanthidae	2017	Philanthinae	7490	Cerceris	349409	Cerceris interrupta	 	 	Christian Schmid-Egger	 	 	Schmid-Egger	2012-08-04	A	F	S	 	 	52.42	14.53	 	 	Germany	Brandenburg	 	1 km S Lebus	5210118	COI-5P	MH608931	TATATTATATTTTTTATTTGGTATATGATCTGGAATACTAGGAGCATCATTTAGTATAATAATTCGATTAGAATTAAGATCCCCAGGAAGATTTATTAATAATAGACAATTATATAATAGAATCGTAACTACACACGCATTTATTATAATTTTTTTTATAGTAATACCATTTATAATTGGAGGATTTGGAAATTGATTAATTCCTATAATATTAGGAGCACCAGACATAGCATTTCCTCGAATAAATAATATAAGTTTTTGACTTTTACCACCTTCATTAATTTTCTTATTATTAAGATCAATTACAAATCAAGGATTAGGAACAGGATGAACATTATATCCACCACTATCCAGAAATACAGGTCATAGAAGAATATCTGTTGACATATCTATTTTTTCATTACATATAGCTGGTATTTCTTCTATTATAGGTGCTATTAATTTTATTGTAACAATTATTAATATACATAATAATAATATTGTAATAGAAAAATTACAATTATTAAATTGATCAATTTTAACAACTGCAGTACTCTTATTATTATCTTTACCAGTTCTTGCTGGAGCAATTACTATACTTTTATTTGATCGTAATTTAAACACATCATTTTTTGATCCATCAGGAGGAGGAGATCCTATTTTATATCAACATTTATTT	
GBACU3326-13	BC ZSM HYM 17576	3198324	BC ZSM HYM 17576	BC ZSM HYM 17576	SNSB, Zoologische Staatssammlung Muenchen	BOLD:AAU2880	20	Arthropoda	82	Insecta	125	Hymenoptera	78818	Philanthidae	2017	Philanthinae	7490	Cerceris	349409	Cerceris interrupta	 	 	Christian Schmid-Egger	 	 	Schmid-Egger	2012-07-18	A	M	S	 	 	47.97	7.67	 	 	Germany	Baden-Wuerttemberg	 	Munzingen/Tuniberg	5231519	COI-5P	MH611186	TATATTATATTTTTTATTTGGTATATGATCTGGAATACTAGGAGCATCATTTAGTATAATAATTCGATTAGAATTAAGATCCCCAGGAAGATTTATTAATAATAGACAATTATATAATAGAATCGTAACTACACACGCATTTATTATAATTTTTTTTATAGTAATACCATTTATAATTGGAGGATTTGGAAATTGATTAATTCCTATAATATTAGGAGCACCAGACATAGCATTTCCTCGAATAAATAATATAAGTTTTTGACTTTTACCACCTTCATTAATTTTCTTATTATTAAGATCAATTACAAATCAAGGATTAGGAACAGGATGAACATTATATCCACCACTATCCAGAAATACAGGTCATAGAAGAATATCTGTTGACATATCTATTTTTTCATTACATATAGCTGGTATTTCTTCTATTATAGGTGCTATTAATTTTATTGTAACAATTATTAATATACATAATAATAATATTGTAATAGAAAAATTACAATTATTAAATTGATCAATTTTAACAACTGCAGTACTCTTATTATTATCTTTACCAGTTCTTGCTGGAGCAATTACTATACTTTTATTTGATCGTAATTTAAACACATCATTTTTTGATCCATCAGGAGGAGGAGATCCTATTTTATATCAACATTTATTT	
GBACU3327-13	BC ZSM HYM 17577	3198325	BC ZSM HYM 17577	BC ZSM HYM 17577	SNSB, Zoologische Staatssammlung Muenchen	BOLD:AAU2880	20	Arthropoda	82	Insecta	125	Hymenoptera	78818	Philanthidae	2017	Philanthinae	7490	Cerceris	349409	Cerceris interrupta	 	 	Christian Schmid-Egger	 	 	Schmid-Egger	2012-07-18	A	M	S	 	 	48.08	7.67	 	 	Germany	Baden-Wuerttemberg	 	Vogtsburg/Badberg	5231575	COI-5P	MH610911	TATATTATATTTTTTATTTGGTATATGATCTGGAATACTAGGAGCATCATTTAGTATAATAATTCGATTAGAATTAAGATCCCCAGGAAGATTTATTAATAATAGACAATTATATAATAGAATCGTAACTACACACGCATTTATTATAATTTTTTTTATAGTAATACCATTTATAATTGGAGGATTTGGAAATTGATTAATTCCTATAATATTAGGAGCACCAGACATAGCATTTCCTCGAATAAATAATATAAGTTTTTGACTTTTACCACCTTCATTAATTTTCTTATTATTAAGATCAATTACAAATCAAGGATTAGGAACAGGATGAACATTATATCCACCACTATCCAGAAATACAGGTCATAGAAGAATATCTGTTGACATATCTATTTTTTCATTACATATAGCTGGTATTTCTTCTATTATAGGTGCTATTAATTTTATTGTAACAATTATTAATATACATAATAATAATATTGTAATAGAAAAATTACAATTATTAAATTGATCAATTTTAACAACTGCAGTACTCTTATTATTATCTTTACCAGTTCTTGCTGGAGCAATTACTATACTTTTATTTGATCGTAATTTAAACACATCATTTTTTGATCCATCAGGAGGAGGAGATCCTATTTTATATCAACATTTATTT	
GBACU3328-13	BC ZSM HYM 17578	3198326	BC ZSM HYM 17578	BC ZSM HYM 17578	SNSB, Zoologische Staatssammlung Muenchen	BOLD:AAU2880	20	Arthropoda	82	Insecta	125	Hymenoptera	78818	Philanthidae	2017	Philanthinae	7490	Cerceris	349409	Cerceris interrupta	 	 	Christian Schmid-Egger	 	 	Schmid-Egger	2012-07-19	A	M	S	 	 	48.08	7.66	 	 	Germany	Baden-Wuerttemberg	 	Bickensohl	5231526	COI-5P	MH609410	TATATTATATTTTTTATTTGGTATATGATCTGGAATACTAGGAGCATCATTTAGTATAATAATTCGATTAGAATTAAGATCCCCAGGAAGATTTATTAATAATAGACAATTATATAATAGAATCGTAACTACACACGCATTTATTATAATTTTTTTTATAGTAATACCATTTATAATTGGAGGATTTGGAAATTGATTAATTCCTATAATATTAGGAGCACCAGACATAGCATTTCCTCGAATAAATAATATAAGTTTTTGACTTTTACCACCTTCATTAATTTTCTTATTATTAAGATCAATTACAAATCAAGGATTAGGAACAGGATGAACATTATATCCACCACTATCCAGAAATACAGGTCATAGAAGAATATCTGTTGACATATCTATTTTTTCATTACATATAGCTGGTATTTCTTCTATTATAGGTGCTATTAATTTTATTGTAACAATTATTAATATACATAATAATAATATTGTAATAGAAAAATTACAATTATTAAATTGATCAATTTTAACAACTGCAGTACTCTTATTATTATCTTTACCAGTTCTTGCTGGAGCAATTACTATACTTTTATTTGATCGTAATTTAAACACATCATTTTTTGATCCATCAGGAGGAGGAGATCCTATTTTATATCAACATTTATTT	
GBACU3329-13	BC ZSM HYM 17579	3198327	BC ZSM HYM 17579	BC ZSM HYM 17579	SNSB, Zoologische Staatssammlung Muenchen	BOLD:AAU2880	20	Arthropoda	82	Insecta	125	Hymenoptera	78818	Philanthidae	2017	Philanthinae	7490	Cerceris	349409	Cerceris interrupta	 	 	Christian Schmid-Egger	 	 	Schmid-Egger	2012-07-18	A	M	S	 	 	48.08	7.67	 	 	Germany	Baden-Wuerttemberg	 	Vogtsburg/Badberg	5231505	COI-5P	MH609532	TATATTATATTTTTTATTTGGTATATGATCTGGAATACTAGGAGCATCATTTAGTATAATAATTCGATTAGAATTAAGATCCCCAGGAAGATTTATTAATAATAGACAATTATATAATAGAATCGTAACTACACACGCATTTATTATAATTTTTTTTATAGTAATACCATTTATAATTGGAGGATTTGGAAATTGATTAATTCCTATAATATTAGGAGCACCAGACATAGCATTTCCTCGAATAAATAATATAAGTTTTTGACTTTTACCACCTTCATTAATTTTCTTATTATTAAGATCAATTACAAATCAAGGATTAGGAACAGGATGAACATTATATCCACCACTATCCAGAAATACAGGTCATAGAAGAATATCTGTTGACATATCTATTTTTTCATTACATATAGCTGGTATTTCTTCTATTATAGGTGCTATTAATTTTATTGTAACAATTATTAATATACATAATAATAATATTGTAATAGAAAAATTACAATTATTAAATTGATCAATTTTAACAACTGCAGTACTCTTATTATTATCTTTACCAGTTCTTGCTGGAGCAATTACTATACTTTTATTTGATCGTAATTTAAACACATCATTTTTTGATCCATCAGGAGGAGGAGATCCTATTTTATATCAACATTTATTT	
GBACU3330-13	BC ZSM HYM 17580	3198328	BC ZSM HYM 17580	BC ZSM HYM 17580	SNSB, Zoologische Staatssammlung Muenchen	BOLD:AAU2880	20	Arthropoda	82	Insecta	125	Hymenoptera	78818	Philanthidae	2017	Philanthinae	7490	Cerceris	349409	Cerceris interrupta	 	 	Christian Schmid-Egger	 	 	Schmid-Egger	2012-07-18	A	F	S	 	 	48.08	7.66	 	 	Germany	Baden-Wuerttemberg	 	Bickensohl	5231580	COI-5P	MH608466	TATATTATATTTTTTATTTGGTATATGATCTGGAATACTAGGAGCATCATTTAGTATAATAATTCGATTAGAATTAAGATCCCCAGGAAGATTTATTAATAATAGACAATTATATAATAGAATCGTAACTACACACGCATTTATTATAATTTTTTTTATAGTAATACCATTTATAATTGGAGGATTTGGAAATTGATTAATTCCTATAATATTAGGAGCACCAGACATAGCATTTCCTCGAATAAATAATATAAGTTTTTGACTTTTACCACCTTCATTAATTTTCTTATTATTAAGATCAATTACAAATCAAGGATTAGGAACAGGATGAACATTATATCCACCACTATCCAGAAATACAGGTCATAGAAGAATATCTGTTGACATATCTATTTTTTCATTACATATAGCTGGTATTTCTTCTATTATAGGTGCTATTAATTTTATTGTAACAATTATTAATATACATAATAATAATATTGTAATAGAAAAATTACAATTATTAAATTGATCAATTTTAACAACTGCAGTACTCTTATTATTATCTTTACCAGTTCTTGCTGGAGCAATTACTATACTTTTATTTGATCGTAATTTAAACACATCATTTTTTGATCCATCAGGAGGAGGAGATCCTATTTTATATCAACATTTATTT	
GBACU921-12	BC ZSM HYM 13271	2874932	BC ZSM HYM 13271	BC ZSM HYM 13271	SNSB, Zoologische Staatssammlung Muenchen	 	20	Arthropoda	82	Insecta	125	Hymenoptera	78818	Philanthidae	2017	Philanthinae	7490	Cerceris	349409	Cerceris interrupta	 	 	 	 	 	C. Schmid-Egger	1994-07-25	A	F	S	 	 	50.792	12.499	 	 	Germany	Saxony-Anhalt	 	TUP- Gohrischheide b. Zeithain, b. GS 8, Conyza ca	 	 	 	 	
GBACU922-12	BC ZSM HYM 13272	2874933	BC ZSM HYM 13272	BC ZSM HYM 13272	SNSB, Zoologische Staatssammlung Muenchen	BOLD:AAU2880	20	Arthropoda	82	Insecta	125	Hymenoptera	78818	Philanthidae	2017	Philanthinae	7490	Cerceris	349409	Cerceris interrupta	 	 	 	 	 	C. Schmid-Egger	1996-08-01	A	M	S	 	 	52.82	13.7	 	 	Germany	Brandenburg	 	Lk. Barnim, 1 km NW Stolzenhagen b. Oderberg, rude	5023326	COI-5P	MH608832	TATATTATATTTTTTATTTGGTATATGATCTGGAATACTAGGAGCATCATTTAGTATAATAATTCGATTAGAATTAAGATCCCCAGGAAGATTTATTAATAATAGACAATTATATAATAGAATCGTAACTACACACGCATTTATTATAATTTTTTTTATAGTAATACCATTTATAATTGGAGGATTTGGAAATTGATTAATTCCTATAATATTAGGAGCACCAGACATAGCATTTCCTCGAATAAATAATATAAGTTTTTGACTTTTACCACCTTCATTAATTTTCTTATTATTAAGATCAATTACAAATCAAGGATTAGGAACAGGATGAACATTATATCCACCACTATCCAGAAATACAGGTCATAGAAGAATATCTGTTGACATATCTATTTTTTCATTACATATAGCTGGTATTTCTTCTATTATAGGTGCTATTAATTTTATTGTAACAATTATTAATATACATAATAATAATATTGTAATAGAAAAATTACAATTATTAAATTGATCAATTTTAACAACTGCAGTACTCTTATTATTATCTTTACCAGTTCTTGCTGGAGCAATTACTATACTTTTATTTGATCGTAATTTAAACACATCATTTTTTGATCCATCAGGAGGAGGAGATCCTATTTTATATCAACATTTATTT	
GBACU923-12	BC ZSM HYM 13273	2874934	BC ZSM HYM 13273	BC ZSM HYM 13273	SNSB, Zoologische Staatssammlung Muenchen	BOLD:AAU2880	20	Arthropoda	82	Insecta	125	Hymenoptera	78818	Philanthidae	2017	Philanthinae	7490	Cerceris	349409	Cerceris interrupta	 	 	 	 	 	C. Schmid-Egger	1996-08-01	A	M	S	 	 	52.82	13.7	 	 	Germany	Brandenburg	 	Lk. Barnim, 1 km NW Stolzenhagen b. Oderberg, rude	5023340	COI-5P	MH610843	TATATTATATTTTTTATTTGGTATATGATCTGGAATACTAGGAGCATCATTTAGTATAATAATTCGATTAGAATTAAGATCCCCAGGAAGATTTATTAATAATAGACAATTATATAATAGAATCGTAACTACACACGCATTTATTATAATTTTTTTTATAGTAATACCATTTATAATTGGAGGATTTGGAAATTGATTAATTCCTATAATATTAGGAGCACCAGACATAGCATTTCCTCGAATAAATAATATAAGTTTTTGACTTTTACCACCTTCATTAATTTTCTTATTATTAAGATCAATTACAAATCAAGGATTAGGAACAGGATGAACATTATATCCACCACTATCCAGAAATACAGGTCATAGAAGAATATCTGTTGACATATCTATTTTTTCATTACATATAGCTGGTATTTCTTCTATTATAGGTGCTATTAATTTTATTGTAACAATTATTAATATACATAATAATAATATTGTAATAGAAAAATTACAATTATTAAATTGATCAATTTTAACAACTGCAGTACTCTTATTATTATCTTTACCAGTTCTTGCTGGAGCAATTACTATACTTTTATTTGATCGTAATTTAAACACATCATTTTTTGATCCATCAGGAGGAGGAGATCCTATTTTATATCAACATTTATTT	
GBACU924-12	BC ZSM HYM 13274	2874935	BC ZSM HYM 13274	BC ZSM HYM 13274	SNSB, Zoologische Staatssammlung Muenchen	BOLD:AAU2880	20	Arthropoda	82	Insecta	125	Hymenoptera	78818	Philanthidae	2017	Philanthinae	7490	Cerceris	349409	Cerceris interrupta	 	 	 	 	 	C. Schmid-Egger	1996-08-01	A	M	S	 	 	52.82	13.7	 	 	Germany	Brandenburg	 	Lk. Barnim, 1 km NW Stolzenhagen b. Oderberg, rude	5023308	COI-5P	MH608753	TATATTATATTTTTTATTTGGTATATGATCTGGAATACTAGGAGCATCATTTAGTATAATAATTCGATTAGAATTAAGATCCCCAGGAAGATTTATTAATAATAGACAATTATATAATAGAATCGTAACTACACACGCATTTATTATAATTTTTTTTATAGTAATACCATTTATAATTGGAGGATTTGGAAATTGATTAATTCCTATAATATTAGGAGCACCAGACATAGCATTTCCTCGAATAAATAATATAAGTTTTTGACTTTTACCACCTTCATTAATTTTCTTATTATTAAGATCAATTACAAATCAAGGATTAGGAACAGGATGAACATTATATCCACCACTATCCAGAAATACAGGTCATAGAAGAATATCTGTTGACATATCTATTTTTTCATTACATATAGCTGGTATTTCTTCTATTATAGGTGCTATTAATTTTATTGTAACAATTATTAATATACATAATAATAATATTGTAATAGAAAAATTACAATTATTAAATTGATCAATTTTAACAACTGCAGTACTCTTATTATTATCTTTACCAGTTCTTGCTGGAGCAATTACTATACTTTTATTTGATCGTAATTTAAACACATCATTTTTTGATCCATCAGGAGGAGGAGATCCTATTTTATATCAACATTTATTT	
GBMIN74652-17	MF093771	8414388	 	MF093771	Mined from GenBank, NCBI	BOLD:AAU2880	20	Arthropoda	82	Insecta	125	Hymenoptera	78818	Philanthidae	2017	Philanthinae	7490	Cerceris	349409	Cerceris interrupta	 	 	 	 	 	 	 	 	 	 	 	 	 	 	 	 	 	 	 	 	9676590	COI-5P	MF093771	GAATTAAGATCCCCAGGAAGATTTATTAATAATAGACAATTATATAATAGAATCGTAACTACACACGCATTTATTATAATTTTTTTTATAGTAATACCATTTATAATTGGAGGATTTGGAAATTGATTAATTCCTATAATATTAGGAGCACCAGACATAGCATTTCCTCGAATAAATAATATAAGTTTTTGACTTTTACCACCTTCATTAATTTTCTTATTATTAAGATCAATTACAAATCAAGGATTAGGAACAGGATGAACATTATATCCACCACTATCCAGAAATACAGGTCATAGAAGAATATCTGTTGACATATCTATTTTTTCATTACATATAGCTGGTATTTCTTCTATTATAGGTGCTATTAATTTTATTGTAACAATTATTAATATACATAATAATAATATTGTAATAGAAAAATTACAATTATTAAATTGATCAATTTTAACAACTGCAGTACTCTTATTATTATCTTTACCAGTTCTTGCTGGAGCAATTACTATACTTTTATTTGATCGCAATTTAAACACA	
GBMIN74653-17	MF093769	8414389	 	MF093769	Mined from GenBank, NCBI	BOLD:AAU2880	20	Arthropoda	82	Insecta	125	Hymenoptera	78818	Philanthidae	2017	Philanthinae	7490	Cerceris	349409	Cerceris interrupta	 	 	 	 	 	 	 	 	 	 	 	 	 	 	 	 	 	 	 	 	9676589	COI-5P	MF093769	GAATTAAGATCCCCAGGAAGATTTATTAATAATAGACAATTATATAATAGAATCGTAACTACACACGCATTTATTATAATTTTTTTTATAGTAATACCATTTATAATTGGAGGATTTGGAAATTGATTAATTCCTATAATATTAGGAGCACCAGACATAGCATTTCCTCGAATAAATAATATAAGTTTTTGACTTTTACCACCTTCATTAATTTTCTTATTATTAAGATCAATTACAAATCAAGGATTAGGAACAGGATGAACATTATATCCACCACTATCCAGAAATACAGGTCATAGAAGAATATCTGTTGACATATCTATTTTTTCATTACATATAGCTGGTATTTCTTCTATTATAGGTGCTATTAATTTTATTGTAACAATTATTAATATACATAATAATAATATTGTAATAGAAAAATTACAATTATTAAATTGATCAATTTTAACAACTGCAGTACTCTTATTATTATCTTTACCAGTTCTTGCTGGAGCAATTACTATACTTTTATTTGATCGTAATTTAAACACATCATTTTTTGATCCATCAGGAGGAGGAGATCCTATTTTATATCAACATTTATTT	
