processid	sampleid	recordID	catalognum	fieldnum	institution_storing	bin_uri	phylum_taxID	phylum_name	class_taxID	class_name	order_taxID	order_name	family_taxID	family_name	subfamily_taxID	subfamily_name	genus_taxID	genus_name	species_taxID	species_name	subspecies_taxID	subspecies_name	identification_provided_by	voucher_type	tissue_type	collectors	collectiondate	lifestage	sex	reproduction	extrainfo	notes	lat	lon	coord_source	coord_accuracy	country	province	region	exactsite	sequenceID	markercode	genbank_accession	nucleotides	image_ids	image_urls	copyright_licenses	trace_ids	trace_links	run_dates	sequencing_centers	directions	seq_primers	marker_codes
COLFF736-13	ZMUO.006436	3145671	ZMUO.006436	 	University of Oulu, Zoological Museum	BOLD:AAP7165	20	Arthropoda	82	Insecta	413	Coleoptera	948	Carabidae	2933	Harpalinae	124880	Syntomus	330052	Syntomus foveatus	 	 	Mikko Pentinsaari	 	 	Mikko Pentinsaari	2012-06-16	adult	 	S	 	 	56.75	16.547	 	 	Sweden	 	 	Stora Roer	5228659	COI-5P	KJ963723	AACTTTATATTTTATTTTTGGTATATGAGCAGGAATAGTAGGAACATCACTTAGAATCTTAATTCGAGCAGAATTAGGAAACCCTGGAGCTTTAATTGGAGATGACCAAATTTATAATGTAATTGTTACTGCCCATGCTTTTATTATAATTTTTTTTATAGTTATACCTATTATAATTGGAGGATTTGGAAATTGATTAGTTCCTTTAATGTTAGGAGCTCCTGATATAGCATTCCCTCGAATAAATAATATAAGATTTTGACTATTACCTCCTTCTTTAACTCTTCTTTTAATGAGAAGAATAGTAGAAAGAGGAGCAGGAACAGGTTGAACAGTTTACCCTCCTTTATCTTCAGGGATTGCTCATGCTGGTGCTTCTGTTGATTTAGCTATTTTTAGCTTACATTTAGCAGGGGTATCATCAATTTTAGGTGCAGTAAATTTCATTACAACAATTATTAATATACGATCTGTAGGAATTACATTTGATCGAATACCTTTATTTGTTTGATCTGTAGGAATTACTGCATTATTATTATTACTATCTTTACCAGTATTAGCTGGAGCTATTACAATACTATTAACTGATCGAAATTTAAATACATCATTTTTTGATCCTGCTGGAGGAGGGGATCCAATTTTATACCAACATTTATTT	1938785	http://v3.boldsystems.org/pics/COLFF/ZMUO.006436+1364530478.JPG	CreativeCommons - Attribution Non-Commercial	5125994|5125899	http://trace.boldsystems.org/traceIO/bold.org/6972596|http://trace.boldsystems.org/traceIO/bold.org/6972501	2013-04-20 12:17:19|2013-04-20 03:11:37	Centre for Biodiversity Genomics|Centre for Biodiversity Genomics	F|R	C_LepFolF|C_LepFolR	COI-5P|COI-5P
COLFF884-13	ZMUO.006679	3161613	ZMUO.006679	 	University of Oulu, Zoological Museum	BOLD:AAP7165	20	Arthropoda	82	Insecta	413	Coleoptera	948	Carabidae	2933	Harpalinae	124880	Syntomus	330052	Syntomus foveatus	 	 	Mikko Pentinsaari	 	 	Mikko Pentinsaari	2012-10-04	adult	 	S	 	 	60.0897	19.9174	 	 	Finland	Aland Islands	Alandia	Moeckeloe	5228894	COI-5P	KJ962372	AACTTTATATTTTATTTTTGGTATATGAGCAGGAATAGTAGGAACATCACTTAGAATCTTAATTCGAGCAGAATTAGGAAACCCTGGAGCTTTAATTGGAGATGACCAAATTTATAATGTAATTGTTACTGCCCATGCTTTTATTATAATTTTTTTTATAGTTATACCTATTATAATTGGAGGATTTGGAAATTGATTAGTTCCTTTAATGTTAGGAGCTCCTGATATAGCATTCCCTCGAATAAATAATATAAGATTTTGACTATTACCTCCTTCTTTAACTCTTCTTTTAATGAGAAGAATAGTAGAAAGAGGAGCAGGAACAGGTTGAACAGTTTACCCTCCTTTATCTTCAGGGATTGCTCATGCTGGTGCTTCTGTTGATTTAGCTATTTTTAGCTTACATTTAGCAGGGGTATCATCAATTTTAGGGGCAGTAAATTTCATTACAACAATTATTAATATACGATCTGTAGGAATTACATTTGATCGAATACCTTTATTTGTTTGATCTGTAGGAATTACTGCATTATTATTATTACTATCTTTACCAGTATTAGCTGGAGCTATTACAATACTATTAACTGATCGAAATTTAAATACATCATTTTTTGATCCTGCTGGAGGAGGGGATCCAATTTTATACCAACATTTATTT	1938569	http://v3.boldsystems.org/pics/COLFF/ZMUO.006679+1364414546.JPG	CreativeCommons - Attribution Non-Commercial	5129775|5129544	http://trace.boldsystems.org/traceIO/bold.org/6976377|http://trace.boldsystems.org/traceIO/bold.org/6976146	2013-04-20 10:47:14|2013-04-20 12:17:50	Centre for Biodiversity Genomics|Centre for Biodiversity Genomics	F|R	C_LepFolF|C_LepFolR	COI-5P|COI-5P
COLFH703-15	ZMUO.023936	6061909	ZMUO.023936	 	University of Oulu, Zoological Museum	BOLD:AAP7165	20	Arthropoda	82	Insecta	413	Coleoptera	948	Carabidae	2933	Harpalinae	124880	Syntomus	330052	Syntomus foveatus	 	 	Mikko Pentinsaari	 	 	Mikko Pentinsaari	2013-06-22	adult	 	S	 	 	60.09	19.917	 	71	Finland	Aland Islands	Alandia	Moeckeloe	7749338	COI-5P	MZ657863	AACTTTATATTTTATTTTTGGTATATGAGCAGGAATAGTAGGAACATCACTTAGAATCTTAATTCGAGCAGAATTAGGAAACCCTGGAGCTTTAATTGGAGATGACCAAATTTATAATGTAATTGTTACTGCCCATGCTTTTATTATAATTTTTTTTATAGTTATACCTATTATAATTGGAGGATTTGGAAATTGATTAGTTCCTTTAATGTTAGGAGCTCCTGATATAGCATTCCCTCGAATAAATAATATAAGATTTTGACTATTACCTCCTTCTTTAACTCTTCTTTTAATGAGAAGAATAGTAGAAAGAGGAGCAGGAACAGGTTGAACAGTTTACCCTCCTTTATCTTCAGGGATTGCTCATGCTGGTGCTTCTGTTGATTTAGCTATTTTTAGCTTACATTTAGCAGGGGTATCATCAATTTTAGGGGCAGTAAATTTCATTACAACAATTATTAATATACGATCTGTAGGAATTACATTTGATCGAATACCTTTATTTGTTTGATCTGTAGGAATTACTGCATTATTATTATTACTATCTTTACCAGTATTAGCTGGAGCTATTACAATACTATTAACTGATCGAAATTTAAATACATCATTTTTTGATCCTGCTGGAGGAGGGGATCCAATTTTATACCAACATTTATTT	2647361	http://v3.boldsystems.org/pics/COLFH/ZMUO.023936+1429298984.JPG	CreativeCommons - Attribution Non-Commercial	8160733|8160638	http://trace.boldsystems.org/traceIO/bold.org/9980641|http://trace.boldsystems.org/traceIO/bold.org/9980546	2015-07-20 14:23:24|2015-07-20 11:04:28	Centre for Biodiversity Genomics|Centre for Biodiversity Genomics	R|F	C_LepFolR|C_LepFolF	COI-5P|COI-5P
DTNHM4600-22	NHMUK014400148	15520121	NHMUK014400148	NHMUK014400148	Natural History Museum, London	BOLD:AAP7165	20	Arthropoda	82	Insecta	413	Coleoptera	948	Carabidae	2933	Harpalinae	124880	Syntomus	330052	Syntomus foveatus	 	 	Maxwell V.L. Barclay	 	 	Maxwell V.L. Barclay	2021-03-31	 	 	 	 	 	51.4716	-0.185835	 	 	United Kingdom	 	London	London, SW6, Tynemouth Street, TQ261763	16634064	COI-5P	 	AACTTTATATTTTATTTTTGGTATATGAGCAGGAATAGTAGGAACATCACTTAGAATCTTAATTCGAGCAGAATTAGGAAACCCTGGAGCTTTAATTGGAGATGACCAAATTTATAATGTAATTGTTACTGCCCATGCTTTTATTATAATTTTTTTTATAGTTATACCTATTATAATTGGAGGATTTGGAAATTGATTAGTTCCTTTAATGTTAGGAGCGCCTGATATAGCATTCCCTCGAATAAATAATATAAGATTTTGACTATTACCTCCTTCTTTAACTCTTCTTTTAATGAGAAGAATAGTAGAAAGAGGAGCAGGAACAGGTTGAACAGTTTACCCCCCTTTATCTTCAGGGATTGCTCATGCTGGTGCTTCTGTTGATTTAGCTATTTTTAGTTTACATTTAGCAGGGGTATCATCAATTTTAGGTGCAGTAAATTTCATTACAACAATTATTAATATACGATCTGTAGGAATTACATTTGATCGAATACCTTTATTTGTTTGATCTGTAGGAATTACTGCATTATTATTATTACTATCTTTACCAGTATTAGCTGGAGCTATTACAATACTATTAACTGATCGAAATTTAAATACATCATTTTTTGATCCTGCTGGA				12213373|12213372	http://trace.boldsystems.org/traceIO/bold.org/14031443|http://trace.boldsystems.org/traceIO/bold.org/14031442	2021-06-08 12:46:46|2021-06-08 08:53:00	Natural History Museum, London|Natural History Museum, London	R|F	C_LepFolR|C_LepFolF	COI-5P|COI-5P
FBCOC398-10	BC ZSM COL 01158	1723884	BFB_Col_FK_1158	10.05.29-ges	SNSB, Zoologische Staatssammlung Muenchen	BOLD:AAP7165	20	Arthropoda	82	Insecta	413	Coleoptera	948	Carabidae	2933	Harpalinae	124880	Syntomus	330052	Syntomus foveatus	 	 	Frank Koehler	 	 	Koehler, F.	2010-05-29	A	 	 	 	 	50.29	7.45773	 	 	Germany	Rhineland-Palatinate	Moseltal	Kobern-Gondorf, Felsen suedlich Unterburg	3824438	COI-5P	JF889561	AACTTTATATTTTATTTTTGGTATATGAGCAGGAATAGTAGGAACATCACTTAGAATCTTAATTCGAGCAGAATTAGGAAACCCTGGAGCTTTAATTGGAGATGACCAAATTTATAATGTAATTGTTACTGCCCATGCTTTTATTATAATTTTTTTTATAGTTATACCTATTATAATTGGAGGATTTGGAAATTGATTAGTTCCTTTAATGTTAGGAGCTCCTGATATAGCATTCCCTCGAATAAATAATATAAGATTTTGACTATTACCTCCTTCTTTAACTCTTCTTTTAATGAGAAGAATAGTAGAAAGAGGAGCAGGAACAGGTTGAACAGTTTACCCTCCTTTATCTTCAGGNATTGCTCATGCTGGTGCTTCTGTTGATTTAGCTATTTTTAGCTTACATTTAGCAGGGGTATCATCAATTTTAGGTGCAGTAAATTTCATTACAACAATTATTAATATACGATCTGTAGGAATTACATTTGATCGAATACCTTTATTTGTTTGATCTGTAGGAATTACTGCATTATTATTATTACTATCTTTACCAGTATTAGCTGGAGCTATTACAATACTATTAACTGATCGAAATTTAAATACATCATTTTTTGATCCTGCTGGAGGAGGGGATCCAATTTTATACCAACATTTATTT	966582	http://v3.boldsystems.org/pics/FBCOC/BCZSMCOL01158+1284122540.JPG	CreativeCommons - Attribution Non-Commercial Share-Alike	2717083|2716988	http://trace.boldsystems.org/traceIO/bold.org/2397577|http://trace.boldsystems.org/traceIO/bold.org/2397482	2011-02-16 19:51:39|2011-02-16 16:57:47	Centre for Biodiversity Genomics|Centre for Biodiversity Genomics	F|R	C_LepFolF|C_LepFolR	COI-5P|COI-5P
FBCOD104-11	BCZSM_COLA_00769	2056583	BCZSM_COLA_00769	9	SNSB, Zoologische Staatssammlung Muenchen	BOLD:AAP7165	20	Arthropoda	82	Insecta	413	Coleoptera	948	Carabidae	2933	Harpalinae	124880	Syntomus	330052	Syntomus foveatus	 	 	Karl-Hinrich Kielhorn	 	 	K.H. Kielhorn	2011-02-04	A	 	 	 	 	52.083	13.642	 	 	Germany	Brandenburg	Dahme-Spreewald	Birken-Kiefern-Vorwald	4051787	COI-5P	KM440094	AACTTTATATTTTATTTTTGGTATATGAGCAGGAATAGTAGGAACATCACTTAGAATCTTAATTCGAGCAGAATTAGGAAACCCTGGAGCTTTAATTGGAGATGACCAAATTTATAATGTAATTGTTACTGCCCATGCTTTTATTATAATTTTTTTTATAGTTATACCTATTATAATTGGAGGATTTGGAAATTGATTAGTTCCTTTAATGTTAGGAGCTCCTGATATAGCATTCCCTCGAATAAATAATATAAGATTTTGACTATTACCTCCTTCTTTAACTCTTCTTTTAATGAGAAGAATAGTAGAAAGAGGAGCAGGAACAGGTTGAACAGTTTACCCTCCTTTATCTTCAGGGATTGCTCATGCTGGTGCTTCTGTTGATTTAGCTATTTTTAGCTTACATTTAGCAGGGGTATCATCAATTTTAGGTGCAGTAAATTTCATTACAACAATTATTAATATACGATCTGTAGGAATTACATTTGATCGAATACCTTTATTTGTTTGATCTGTAGGAATTACTGCATTATTATTATTACTATCTTTACCAGTATTAGCTGGAGCTATTACAATACTATTAACTGATCGAAATTTAAATACATCATTTTTTGATCCTGCTGGAGGAGGGGATCCAATTTTATACCAACATTTATTT	1241439	http://v3.boldsystems.org/pics/FBCOD/BC_ZSM_COLA_00769+1312292576.jpg	CreativeCommons - Attribution Non-Commercial Share-Alike	3228053|3227958	http://trace.boldsystems.org/traceIO/bold.org/2890795|http://trace.boldsystems.org/traceIO/bold.org/2890700	2011-07-27 02:28:45|2011-07-27 01:03:12	Centre for Biodiversity Genomics|Centre for Biodiversity Genomics	R|F	C_LepFolR|C_LepFolF	COI-5P|COI-5P
FBCOD401-11	BC ZSM COL 02966	2140204	BFB_Col_FK_2966	10.08.06-ges	SNSB, Zoologische Staatssammlung Muenchen	BOLD:AAP7165	20	Arthropoda	82	Insecta	413	Coleoptera	948	Carabidae	2933	Harpalinae	124880	Syntomus	330052	Syntomus foveatus	 	 	Frank Koehler	 	 	Koehler, F.	2010-08-06	A	 	 	 	 	50.5135	7.01444	 	 	Germany	Rhineland-Palatinate	Ahrtal	Altenahr-Laach, Lochmuehlerley	4144514	COI-5P	KM451083	AACTTTATATTTTATTTTTGGTATATGAGCAGGAATAGTAGGAACATCACTTAGAATCTTAATTCGAGCAGAATTAGGAAACCCTGGAGCTTTAATTGGAGATGACCAAATTTATAATGTAATTGTTACTGCCCATGCTTTTATTATAATTTTTTTTATAGTTATACCTATTATAATTGGAGGATTTGGAAATTGATTAGTTCCTTTAATGTTAGGAGCTCCTGATATAGCATTCCCTCGAATAAATAATATAAGATTTTGACTATTACCTCCTTCTTTAACTCTTCTTTTAATGAGAAGAATAGTAGAAAGAGGAGCAGGAACAGGTTGAACAGTTTACCCTCCTTTATCTTCAGGGATTGCTCATGCTGGTGCTTCTGTTGATTTAGCTATTTTTAGCTTACATTTAGCAGGGGTATCATCAATTTTAGGTGCAGTAAATTTCATTACAACAATTATTAATATACGATCTGTAGGAATTACATTTGATCGAATACCTTTATTTGTTTGATCTGTAGGAATTACTGCATTATTATTATTACTATCTTTACCAGTATTAGCTGGAGCTATTACAATACTATTAACTGATCGAAATTTAAATACATCATTTTTTGATCCTGCTGGAGGAGGGGATCCAATTTTATACCAACATTTATTT	1348457	http://v3.boldsystems.org/pics/FBCOD/BC_ZSM_COL_02966+1312203956.jpg	CreativeCommons - Attribution Non-Commercial Share-Alike	3488066|3487971	http://trace.boldsystems.org/traceIO/bold.org/3141891|http://trace.boldsystems.org/traceIO/bold.org/3141796	2011-10-20 23:10:39|2011-10-21 00:36:37	Centre for Biodiversity Genomics|Centre for Biodiversity Genomics	F|R	C_LepFolF|C_LepFolR	COI-5P|COI-5P
FBCOH259-12	BCZSM_COLA_01589	2819123	BCZSM_COLA_01589	BCZSM_COLA_01589	SNSB, Zoologische Staatssammlung Muenchen	BOLD:AAP7165	20	Arthropoda	82	Insecta	413	Coleoptera	948	Carabidae	2933	Harpalinae	124880	Syntomus	330052	Syntomus foveatus	 	 	Karsten Hannig	 	 	M.J.R.	1989-04-22	A	 	 	 	 	51.6432	7.25956	 	 	Germany	North Rhine-Westphalia	Oer-Erkenschwick	 	4820584	COI-5P	KM443985	AACTTTATATTTTATTTTTGGTATATGAGCAGGAATAGTAGGAACATCACTTAGAATCTTAATTCGAGCAGAATTAGGAAACCCTGGAGCTTTAATTGGAGATGACCAAATTTATAATGTAATTGTTACTGCCCATGCTTTTATTATAATTTTTTTTATAGTTATACCTATTATAATTGGAGGATTTGGAAATTGATTAGTTCCTTTAATGTTAGGAGCTCCTGATATAGCATTCCCTCGAATAAATAATATAAGATTTTGACTATTACCTCCTTCTTTAACTCTTCTTTTAATGAGAAGAATAGTAGAAAGAGGAGCAGGAACAGGTTGAACAGTTTACCCTCCTTTATCTTCAGGGATTGCTCATGCTGGTGCTTCTGTTGATTTAGCTATTTTTAGCTTACATTTAGCAGGGGTATCATCAATTTTAGGTGCAGTAAATTTCATTACAACAATTATTAATATACGATCTGTAGGAATTACATTTGATCGAATACCTTTATTTGTTTGATCTGTAGGAATTACTGCATTATTATTATTACTATCTTTACCAGTATTAGCTGGAGCTATTACAATACTATTAACTGATCGAAATTTAAATACATCATTTTTTGATCCTGCTGGAGGAGGGGATCCAATTTTATACCAACATTTATTT	1810358	http://v3.boldsystems.org/pics/FBCOH/BCZSM_COLA_01589+1350412280.JPG	CreativeCommons - Attribution Non-Commercial Share-Alike	4664921|4664903	http://trace.boldsystems.org/traceIO/bold.org/6512168|http://trace.boldsystems.org/traceIO/bold.org/6512150	2012-11-15 16:09:19|2012-11-15 14:26:37	Centre for Biodiversity Genomics|Centre for Biodiversity Genomics	R|F	C_LepFolR|C_LepFolF	COI-5P|COI-5P
FBCOI835-12	BFB_Col_FK_8435	2996319	BFB_Col_FK_8435	12.03.17-g2	SNSB, Zoologische Staatssammlung Muenchen	BOLD:AAP7165	20	Arthropoda	82	Insecta	413	Coleoptera	948	Carabidae	2933	Harpalinae	124880	Syntomus	330052	Syntomus foveatus	 	 	Frank Koehler	 	 	Koehler, F.	2012-03-17	A	 	 	 	 	50.3631	7.3889	 	 	Germany	Rhineland-Palatinate	Rheintal	Ochtendung, Michelsberg	4896179	COI-5P	KM444095	AACTTTATATTTTATTTTTGGTATATGAGCAGGAATAGTAGGAACATCACTTAGAATCTTAATTCGAGCAGAATTAGGAAACCCTGGAGCTTTAATTGGAGATGACCAAATTTATAATGTAATTGTTACTGCCCATGCTTTTATTATAATTTTTTTTATAGTTATACCTATTATAATTGGAGGATTTGGAAATTGATTAGTTCCTTTAATGTTAGGAGCTCCTGATATAGCATTCCCTCGAATAAATAATATAAGATTTTGACTATTACCTCCTTCTTTAACTCTTCTTTTAATGAGAAGAATAGTAGAAAGAGGAGCAGGAACAGGTTGAACAGTTTACCCTCCTTTATCTTCAGGGATTGCTCATGCTGGTGCTTCTGTTGATTTAGCTATTTTTAGCTTACATTTAGCAGGGGTATCATCAATTTTAGGTGCAGTAAATTTCATTACAACAATTATTAATATACGATCTGTAGGAATTACATTTGATCGAATACCTTTATTTGTTTGATCTGTAGGAATTACTGCATTATTATTATTACTATCTTTACCAGTATTAGCTGGAGCTATTACAATACTATTAACTGATCGAAATTTAAATACATCATTTTTTGATCCTGCTGGAGGAGGGGATCCAATTTTATACCAACATTTATTT	1852175	http://v3.boldsystems.org/pics/FBCOI/BFB_Col_FK_8435+1343745824.jpg	CreativeCommons - Attribution Non-Commercial Share-Alike	4726186|4726091	http://trace.boldsystems.org/traceIO/bold.org/6573447|http://trace.boldsystems.org/traceIO/bold.org/6573352	2012-12-19 22:24:59|2012-12-19 20:53:08	Centre for Biodiversity Genomics|Centre for Biodiversity Genomics	R|F	C_LepFolR|C_LepFolF	COI-5P|COI-5P
GBCL31011-19	HQ165415	9825911	BMNH:724569	 	Mined from GenBank, NCBI	 	20	Arthropoda	82	Insecta	413	Coleoptera	948	Carabidae	2933	Harpalinae	124880	Syntomus	330052	Syntomus foveatus	 	 	 	 	 	 	 	 	 	 	 	 	 	 	 	 	 	 	 	 	10818373	COI-3P	HQ165415	ATTATTAGTCAAGAAAGAGGGAAAAAGGAAACATTTGGTTCATTAGGTATAATTTATGCAATATTAGCTATTGGATTATTAGGATTTGTAGTTTGAGCTCACCATATATTTACTGTTGGAATAGATGTTGACACACGAGCTTATTTTACATCAGCGACAATAATTATTGCTGTTCCTACAGGTATTAAAATTTTTTCATGACTAGCAACATTACATGGAACTCAATTATCTTATAGACCTTCTTTATTATGAGCTTTAGGATTTGTATTTTTATTTACAGTAGGTGGATTAACAGGAGTTGTATTAGCTAATTCGTCAATTGATATTGTCCTTCATGATACATATTATGTAGTAGCCCATTTTCATTATGTATTATCTATAGGAGCTGTATTTGCAATTATAGCAGGATTCATTCAATGATTTCCTTTATTTACAGGATTAAGTATAAATAATAATTTATTAAAAATTCAATTTATTATTATATTTATTGGTGTAAATTTAACTTTTTTTCCACAACATTTCTTAGGATTAAGAGGAATACCACGACGATACTCAGATTACCCTGACGCTTATACTTCTTGAAATATTATTTCATCAATTGGATCAACAATTTCTTTTATTGGAGTATTATTTTTAATTTATATTATTTGAGAAAGTTTCTCTGTTCAACGATTAGTAATTTTCTCAAATCAAATATCAACTTCAATTGAA										
GBCOC034-12	GBOL_Col_FK_0414	2920107	GBOL_Col_FK_0414	12.03.17-g2	SNSB, Zoologische Staatssammlung Muenchen	BOLD:AAP7165	20	Arthropoda	82	Insecta	413	Coleoptera	948	Carabidae	2933	Harpalinae	124880	Syntomus	330052	Syntomus foveatus	 	 	Frank Koehler	 	 	Koehler, F.	2012-03-17	A	 	 	 	 	50.3631	7.3889	 	 	Germany	Rhineland-Palatinate	Rheintal	Ochtendung, Michelsberg	4893833	COI-5P	KM444954	AACTTTATATTTTATTTTTGGTATATGAGCAGGAATAGTAGGAACATCACTTAGAATCTTAATTCGAGCAGAATTAGGAAACCCTGGAGCTTTAATTGGAGATGACCAAATTTATAATGTAATTGTTACTGCCCATGCTTTTATTATAATTTTTTTTATAGTTATACCTATTATAATTGGAGGATTTGGAAATTGATTAGTTCCTTTAATGTTAGGAGCTCCTGATATAGCATTCCCTCGAATAAATAATATAAGATTTTGACTATTACCTCCTTCTTTAACTCTTCTTTTAATGAGAAGAATAGTAGAAAGAGGAGCAGGAACAGGTTGAACAGTTTACCCTCCTTTATCTTCAGGGATTGCTCATGCTGGTGCTTCTGTTGATTTAGCTATTTTTAGCTTACATTTAGCAGGGGTATCATCAATTTTAGGTGCAGTAAATTTCATTACAACAATTATTAATATACGATCTGTAGGAATTACATTTGATCGAATACCTTTATTTGTTTGATCTGTAGGAATTACTGCATTATTATTATTACTATCTTTACCAGTATTAGCTGGAGCTATTACAATACTATTAACTGATCGAAATTTAAATACATCATTTTTTGATCCTGCTGGAGGAGGGGATCCAATTTTATACCAACATTTATTT	1839752	http://v3.boldsystems.org/pics/GBCOC/GBOL_Col_FK_0414+1341853068.jpg	CreativeCommons - Attribution Non-Commercial Share-Alike	4722244|4722149	http://trace.boldsystems.org/traceIO/bold.org/6569505|http://trace.boldsystems.org/traceIO/bold.org/6569410	2012-12-18 10:08:03|2012-12-18 08:19:16	Centre for Biodiversity Genomics|Centre for Biodiversity Genomics	R|F	C_LepFolR|C_LepFolF	COI-5P|COI-5P
GBCOE021-13	GBOL_Col_FK_6101	3160124	GBOL_Col_FK_6101	12.10.11-fg2	SNSB, Zoologische Staatssammlung Muenchen	BOLD:AAP7165	20	Arthropoda	82	Insecta	413	Coleoptera	948	Carabidae	2933	Harpalinae	124880	Syntomus	330052	Syntomus foveatus	 	 	Frank Koehler	 	 	Koehler, F.	2012-10-11	adult	 	 	 	 	51.716	6.559	 	 	Germany	North Rhine-Westphalia	Niederrh. Tiefland	Wesel-Diersfordt, Grosses Venn	5238615	COI-5P	KM441164	AACTTTATATTTTATTTTTGGTATATGAGCAGGAATAGTAGGAACATCACTTAGAATCTTAATTCGAGCAGAATTAGGAAACCCTGGAGCTTTAATTGGAGATGACCAAATTTATAATGTAATTGTTACTGCCCATGCTTTTATTATAATTTTTTTTATAGTTATACCTATTATAATTGGAGGATTTGGAAATTGATTAGTTCCTTTAATGTTAGGAGCTCCTGATATAGCATTCCCTCGAATAAATAATATAAGATTTTGACTATTACCTCCTTCTTTAACTCTTCTTTTAATGAGAAGAATAGTAGAAAGAGGAGCAGGAACAGGTTGAACAGTTTACCCTCCTTTATCTTCAGGGATTGCTCATGCTGGTGCTTCTGTTGATTTAGCTATTTTTAGCTTACATTTAGCAGGGGTATCATCAATTTTAGGTGCAGTAAATTTCATTACAACAATTATTAATATACGATCTGTAGGAATTACATTTGATCGAATACCTTTATTTGTTTGATCTGTAGGAATTACTGCATTATTATTATTACTATCTTTACCAGTATTAGCTGGAGCTATTACAATACTATTAACTGATCGAAATTTAAATACATCATTTTTTGATCCTGCTGGAGGAGGGGATCCAATTTTATACCAACATTTATTT	1930433	http://v3.boldsystems.org/pics/GBCOE/GBOL_Col_FK_6101+1362849940.jpg	CreativeCommons - Attribution Non-Commercial Share-Alike	11359030|11358935	http://trace.boldsystems.org/traceIO/bold.org/13178064|http://trace.boldsystems.org/traceIO/bold.org/13177969	2013-04-25 18:24:11|2013-04-25 15:19:48	Centre for Biodiversity Genomics|Centre for Biodiversity Genomics	R|F	C_LepFolR|C_LepFolF	COI-5P|COI-5P
GBCOE893-13	GBOL_Col_FK_5358	3161107	GBOL_Col_FK_5358	12.09.30-gki	SNSB, Zoologische Staatssammlung Muenchen	BOLD:AAP7165	20	Arthropoda	82	Insecta	413	Coleoptera	948	Carabidae	2933	Harpalinae	124880	Syntomus	330052	Syntomus foveatus	 	 	Frank Koehler	 	 	Koehler, F.	2012-09-30	adult	 	 	 	 	50.601	6.817	 	 	Germany	North Rhine-Westphalia	Eifel	Euskirchen-Kirchheim, Watzenberg	5229166	COI-5P	KM450004	AACTTTATATTTTATTTTTGGTATATGAGCAGGAATAGTAGGAACATCACTTAGAATCTTAATTCGAGCAGAATTAGGAAACCCTGGAGCTTTAATTGGAGATGACCAAATTTATAATGTAATTGTTACTGCCCATGCTTTTATTATAATTTTTTTTATAGTTATACCTATTATAATTGGAGGATTTGGAAATTGATTAGTTCCTTTAATGTTAGGAGCTCCTGATATAGCATTCCCTCGAATAAATAATATAAGATTTTGACTATTACCTCCTTCTTTAACTCTTCTTTTAATGAGAAGAATAGTAGAAAGAGGAGCAGGAACAGGTTGAACAGTTTACCCTCCTTTATCTTCAGGGATTGCTCATGCTGGTGCTTCTGTTGATTTAGCTATTTTTAGCTTACATTTAGCAGGGGTATCATCAATTTTAGGTGCAGTAAATTTCATTACAACAATTATTAATATACGATCTGTAGGAATTACATTTGATCGAATACCTTTATTTGTTTGATCTGTAGGAATTACTGCATTATTATTATTACTATCTTTACCAGTATTAGCTGGAGCTATTACAATACTATTAACTGATCGAAATTTAAATACATCATTTTTTGATCCTGC-------------------------------------	2626352	http://v3.boldsystems.org/pics/GBCAR/GBOL_Col_FK_5358+1362673454.jpg	CreativeCommons - Attribution Non-Commercial Share-Alike	5132539|5132309	http://trace.boldsystems.org/traceIO/bold.org/6979141|http://trace.boldsystems.org/traceIO/bold.org/6978910	2013-04-23 19:05:28|2013-04-24 00:50:36	Centre for Biodiversity Genomics|Centre for Biodiversity Genomics	R|F	C_LepFolR|C_LepFolF	COI-5P|COI-5P
GBCOF180-13	GBOL_Col_FK_5595	3270958	GBOL_Col_FK_5595	12.10.20-g1	SNSB, Zoologische Staatssammlung Muenchen	BOLD:AAP7165	20	Arthropoda	82	Insecta	413	Coleoptera	948	Carabidae	2933	Harpalinae	124880	Syntomus	330052	Syntomus foveatus	 	 	Frank Koehler	 	 	Koehler, W.	2012-10-20	adult	 	 	 	 	49.4993	8.1934	 	 	Germany	Rhineland-Palatinate	Noerdliche Oberrheinebene	Freinsheim, Kastanienhain Im Hahnen	5239344	COI-5P	KM440546	AACTTTATATTTTATTTTTGGTATATGAGCAGGAATAGTAGGAACATCACTTAGAATCTTAATTCGAGCAGAATTAGGAAACCCTGGAGCTTTAATTGGAGATGACCAAATTTATAATGTAATTGTTACTGCCCATGCTTTTATTATAATTTTTTTTATAGTTATACCTATTATAATTGGAGGATTTGGAAATTGATTAGTTCCTTTAATGTTAGGAGCTCCTGATATAGCATTCCCTCGAATAAATAATATAAGATTTTGACTATTACCTCCTTCTTTAACTCTTCTTTTAATGAGAAGAATAGTAGAAAGAGGAGCAGGAACAGGTTGAACAGTTTACCCCCCTTTATCTTCAGGGATTGCTCATGCTGGTGCTTCTGTTGATTTAGCTATTTTTAGCTTACATTTAGCAGGGGTATCATCAATTTTAGGTGCAGTAAATTTCATTACAACAATTATTAATATACGATCTGTAGGAATTACATTTGATCGAATACCTTTATTTGTTTGATCTGTAGGAATTACTGCATTATTATTATTACTATCTTTACCAGTATTAGCTGGAGCTATTACAATACTATTAACTGATCGAAATTTAAATACATCATTTTTT---------------------------------------------	2022516	http://v3.boldsystems.org/pics/GBCOF/GBOL_Col_FK_5595+1366128292.jpg	CreativeCommons - Attribution Non-Commercial Share-Alike	5156806|5156744	http://trace.boldsystems.org/traceIO/bold.org/7003408|http://trace.boldsystems.org/traceIO/bold.org/7003346	2013-05-24 20:34:10|2013-05-23 19:26:00	Centre for Biodiversity Genomics|Centre for Biodiversity Genomics	F|R	C_LepFolF|C_LepFolR	COI-5P|COI-5P
GBCOL810-12	GBOL_Col_FK_3375	2907390	GBOL_Col_FK_3375	12.08.18-h33	SNSB, Zoologische Staatssammlung Muenchen	BOLD:AAP7165	20	Arthropoda	82	Insecta	413	Coleoptera	948	Carabidae	2933	Harpalinae	124880	Syntomus	330052	Syntomus foveatus	 	 	Frank Koehler	 	 	Koehler, F. & J. Koehler	2012-08-18	A	 	 	 	 	49.0805	8.26568	 	 	Germany	Rhineland-Palatinate	Noerdliche Oberrheinebene	Jockgrim, Sandmagerrasen	4910648	COI-5P	KM443394	AACTTTATATTTTATTTTTGGTATATGAGCAGGAATAGTAGGAACATCACTTAGAATCTTAATTCGAGCAGAATTAGGAAACCCTGGAGCTTTAATTGGAGATGACCAAATTTATAATGTAATTGTTACTGCCCATGCTTTTATTATAATTTTTTTTATAGTTATACCTATTATAATTGGAGGATTTGGAAATTGATTAGTTCCTTTAATGTTAGGAGCTCCTGATATAGCATTCCCTCGAATAAATAATATAAGATTTTGACTATTACCTCCTTCTTTAACTCTTCTTTTAATGAGAAGAATAGTAGAAAGAGGAGCAGGAACAGGTTGAACAGTTTACCCTCCTTTATCTTCAGGGATTGCTCATGCTGGTGCTTCTGTTGATTTAGCTATTTTTAGCTTACATTTAGCAGGGGTATCATCAATTTTAGGTGCAGTAAATTTCATTACAACAATTATTAATATACGATCTGTAGGAATTACATTTGATCGAATACCTTTATTTGTTTGATCTGTAGGAATTACTGCATTATTATTATTACTATCTTTACCAGTATTAGCTGGAGCTATTACAATACTATTAACTGATCGAAATTTAAATACATCATTTTTTGATCCTGCTGGAGGAGGGGATCCAATTTTATACCAACATTTATTT	1832626	http://v3.boldsystems.org/pics/GBCOL/GBOL_Col_FK_3375+1350146316.jpg	CreativeCommons - Attribution Non-Commercial Share-Alike	4747498|4747403	http://trace.boldsystems.org/traceIO/bold.org/6594760|http://trace.boldsystems.org/traceIO/bold.org/6594665	2012-12-11 18:11:56|2012-12-11 10:16:58	Centre for Biodiversity Genomics|Centre for Biodiversity Genomics	R|F	C_LepFolR|C_LepFolF	COI-5P|COI-5P
GCOL11417-16	ZFMK-TIS-2529882	6804310	ZFMK-TIS-2529882	 	Zoologisches Forschungsmuseum Alexander Koenig	BOLD:AAP7165	20	Arthropoda	82	Insecta	413	Coleoptera	948	Carabidae	2933	Harpalinae	124880	Syntomus	330052	Syntomus foveatus	 	 	Manfred Jung	 	 	GBOL-Team ZFMK	2014-06-04	adult	 	 	 	http://id.zfmk.de/collection_ZFMK/2529882/837493/131791	52.2973	11.5821	Google Earth	50	Germany	Saxony-Anhalt	westl. Lindhorst	Colbitz, Lkr. Boerde	8242176	COI-5P	KU916169	AACTTTATATTTTATTTTTGGTATATGAGCAGGAATAGTAGGAACATCACTTAGAATCTTAATTCGAGCAGAATTAGGAAACCCTGGAGCTTTAATTGGAGATGACCAAATTTATAATGTAATTGTTACTGCCCATGCTTTTATTATAATTTTTTTTATAGTTATACCTATTATAATTGGAGGATTTGGAAATTGATTAGTTCCTTTAATGTTAGGAGCTCCTGATATAGCATTCCCTCGAATAAATAATATAAGATTTTGACTATTACCTCCTTCTTTAACTCTTCTTTTAATGAGAAGAATAGTAGAAAGAGGAGCAGGAACAGGTTGAACAGTTTACCCTCCTTTATCTTCAGGGATTGCTCATGCTGGTGCTTCTGTTGATTTAGCTATTTTTAGCTTACATTTAGCAGGGGTATCATCAATTTTAGGTGCAGTAAATTTCATTACAACAATTATTAATATACGATCTGTAGGAATTACATTTGATCGAATACCTTTATTTGTTTGATCTGTAGGAATTACTGCATTATTATTATTACTATCTTTACCAGTATTAGCTGGAGCTATTACAATACTATTAACTGATCGAAATTTAAATACATCATTTTTTGATCCTGCTGGAGGAGGGGATCCAATTTTATACCAACATTTATTT				8943325|8943324	http://trace.boldsystems.org/traceIO/bold.org/10761995|http://trace.boldsystems.org/traceIO/bold.org/10761994	2014-12-19 05:58:45|2014-12-19 11:51:43	Beijing Genomics Institute|Beijing Genomics Institute	f|r	LCO1490-JJ|HCO2198-JJ	COI-5P|COI-5P
GCOL11435-16	ZFMK-TIS-2529914	6804328	ZFMK-TIS-2529914	 	Zoologisches Forschungsmuseum Alexander Koenig	BOLD:AAP7165	20	Arthropoda	82	Insecta	413	Coleoptera	948	Carabidae	2933	Harpalinae	124880	Syntomus	330052	Syntomus foveatus	 	 	Manfred Jung	 	1 complete organism	GBOL-Team ZFMK	2014-06-04	adult	 	 	 	http://id.zfmk.de/collection_ZFMK/2529914/837525/131823	52.2973	11.5821	Google Earth	50	Germany	Saxony-Anhalt	westl. Lindhorst	Colbitz, Lkr. Boerde	8242009	COI-5P	KU918925	AACTTTATATTTTATTTTTGGTATATGAGCAGGAATAGTAGGAACATCACTTAGAATCTTAATTCGAGCAGAATTAGGAAACCCTGGAGCTTTAATTGGAGATGACCAAATTTATAATGTAATTGTTACTGCCCATGCTTTTATTATAATTTTTTTTATAGTTATACCTATTATAATTGGAGGATTTGGAAATTGATTAGTTCCTTTAATGTTAGGAGCTCCTGATATAGCATTCCCTCGAATAAATAATATAAGATTTTGACTATTACCTCCTTCTTTAACTCTTCTTTTAATGAGAAGAATAGTAGAAAGAGGAGCAGGAACAGGTTGAACAGTTTACCCTCCTTTATCTTCAGGGATTGCTCATGCTGGTGCTTCTGTTGATTTAGCTATTTTTAGCTTACATTTAGCAGGGGTATCATCAATTTTAGGTGCAGTAAATTTCATTACAACAATTATTAATATACGATCTGTAGGAATTACATTTGATCGAATACCTTTATTTGTTTGATCTGTAGGAATTACTGCATTATTATTATTACTATCTTTACCAGTATTAGCTGGAGCTATTACAATACTATTAACTGATCGAAATTTAAATACATCATTTTTTGATCCTGCTGGAGGAGGGGATCCAATTTTATACCAACATTTATTT				8943361|8943360	http://trace.boldsystems.org/traceIO/bold.org/10762031|http://trace.boldsystems.org/traceIO/bold.org/10762030	2014-12-19 05:58:45|2014-12-19 11:51:43	Beijing Genomics Institute|Beijing Genomics Institute	f|r	LCO1490-JJ|HCO2198-JJ	COI-5P|COI-5P
GCOL12223-16	ZFMK-TIS-2533660	6805116	ZFMK-TIS-2533660	 	Zoologisches Forschungsmuseum Alexander Koenig	BOLD:AAP7165	20	Arthropoda	82	Insecta	413	Coleoptera	948	Carabidae	2933	Harpalinae	124880	Syntomus	330052	Syntomus foveatus	 	 	Ute Eulitz	 	 	GBOL-Team ZFMK	2014-07-16	adult	 	 	 	http://id.zfmk.de/collection_ZFMK/2533660/868482/141191	53.4048	12.866	 	 	Germany	Mecklenburg-Vorpommern	Waren (Mueritz), Nationalpark Mueritz	Windwurfflaeche im Mueritz Nationalpark	8242513	COI-5P	KU914370	AACTTTATATTTTATTTTTGGTATATGAGCAGGAATAGTAGGAACATCACTTAGAATCTTAATTCGAGCAGAATTAGGAAACCCTGGAGCTTTAATTGGAGATGACCAAATTTATAATGTAATTGTTACTGCCCATGCTTTTATTATAATTTTTTTTATAGTTATACCTATTATAATTGGAGGATTTGGAAATTGATTAGTTCCTTTAATGTTAGGAGCTCCTGATATAGCATTCCCTCGAATAAATAATATAAGATTTTGACTATTACCTCCTTCTTTAACTCTTCTTTTAATGAGAAGAATAGTAGAAAGAGGAGCAGGAACAGGTTGAACAGTTTACCCTCCTTTATCTTCAGGGATTGCTCATGCTGGTGCTTCTGTTGATTTAGCTATTTTTAGCTTACATTTAGCAGGGGTATCATCAATTTTAGGTGCAGTAAATTTCATTACAACAATTATTAATATACGATCTGTAGGAATTACATTTGATCGAATACCTTTATTTGTTTGATCTGTAGGAATTACTGCATTATTATTATTACTATCTTTACCAGTATTAGCTGGAGCTATTACAATACTATTAACTGATCGAAATTTAAATACATCATTTTTTGATCCTGCTGGAGGAGGGGATCCAATTTTATACCAACATTTATTT				8945931|8945930	http://trace.boldsystems.org/traceIO/bold.org/10764601|http://trace.boldsystems.org/traceIO/bold.org/10764600	2014-10-25 11:49:42|2014-10-25 13:47:15	Macrogen, Korea|Macrogen, Korea	f|r	LCO1490-JJ|HCO2198-JJ	COI-5P|COI-5P
GCOL4313-16	ZFMK-TIS-2001953	6775817	ZFMK-TIS-2001953	 	Zoologisches Forschungsmuseum Alexander Koenig	BOLD:AAP7165	20	Arthropoda	82	Insecta	413	Coleoptera	948	Carabidae	2933	Harpalinae	124880	Syntomus	330052	Syntomus foveatus	 	 	Matthias Hartmann	 	 	GBOL-Team ZFMK	2014-07-28	adult	 	 	 	 	51.2926	11.463	google earth	50	Germany	Thuringia	Rossleben, Kyffhaeuserkreis	Kalihalde, Haldenfuss	8199511	COI-5P	KU916188	AACTTTATATTTTATTTTTGGTATATGAGCAGGAATAGTAGGAACATCACTTAGAATCTTAATTCGAGCAGAATTAGGAAACCCTGGAGCTTTAATTGGAGATGACCAAATTTATAATGTAATTGTTACTGCCCATGCTTTTATTATAATTTTTTTTATAGTTATACCTATTATAATTGGAGGATTTGGAAATTGATTAGTTCCTTTAATGTTAGGAGCTCCTGATATAGCATTCCCTCGAATAAATAATATAAGATTTTGACTATTACCTCCTTCTTTAACTCTTCTTTTAATGAGAAGAATAGTAGAAAGAGGAGCAGGAACAGGTTGAACAGTTTACCCTCCTTTATCTTCAGGGATTGCTCATGCTGGTGCTTCTGTTGATTTAGCTATTTTTAGCTTACATTTAGCAGGGGTATCATCAATTTTAGGTGCAGTAAATTTCATTACAACAATTATTAATATACGATCTGTAGGAATTACATTTGATCGAATACCTTTATTTGTTTGATCTGTAGGAATTACTGCATTATTATTATTACTATCTTTACCAGTATTAGCTGGAGCTATTACAATACTATTAACTGATCGAAATTTAAATACATCATTTTTTGATCCTGCTGGAGGAGGGGATCCAATTTTATACCAACATTTATTT				8921284|8921283	http://trace.boldsystems.org/traceIO/bold.org/10740017|http://trace.boldsystems.org/traceIO/bold.org/10740016	2015-04-24 06:21:14|2015-04-24 02:24:14	Beijing Genomics Institute|Beijing Genomics Institute	f|r	LCO1490-JJ|HCO2198-JJ	COI-5P|COI-5P
GCOL8077-16	ZFMK-TIS-2512363	6799975	ZFMK-TIS-2512363	 	Zoologisches Forschungsmuseum Alexander Koenig	BOLD:AAP7165	20	Arthropoda	82	Insecta	413	Coleoptera	948	Carabidae	2933	Harpalinae	124880	Syntomus	330052	Syntomus foveatus	 	 	Frank Koehler	 	 	GBOL-Team ZFMK	2014-09-08	adult	 	 	 	http://id.zfmk.de/collection_ZFMK/2512363/869179/141955	48.6504	-4.2255	GPS	100	France	 	Plounevez-Lochrist-Kernic	Saltmarsh	8238003	COI-5P	KU919075	AACTTTATATTTTATTTTTGGTATATGAGCAGGAATAGTAGGAACATCACTTAGAATCTTAATTCGAGCAGAATTAGGAAACCCTGGAGCTTTAATTGGAGATGACCAAATTTATAATGTAATTGTTACTGCCCATGCTTTTATTATAATTTTTTTTATAGTTATACCTATTATAATTGGAGGATTTGGAAATTGATTAGTTCCTTTAATATTAGGAGCTCCTGATATAGCATTCCCTCGAATAAATAATATAAGATTTTGACTATTACCTCCTTCTTTAACTCTTCTTTTAATGAGAAGAATAGTAGAAAGAGGAGCAGGGACAGGTTGAACAGTTTACCCTCCTTTATCTTCAGGGATTGCTCATGCTGGTGCTTCTGTTGATTTAGCTATTTTTAGTTTACATTTAGCAGGGGTATCATCAATTTTAGGTGCAGTAAATTTCATTACAACAATTATTAATATACGATCTGTAGGAATTACATTTGATCGAATACCTTTATTTGTTTGATCTGTAGGAATTACTGCATTATTATTATTACTATCTTTACCAGTATTAGCTGGAGCTATTACAATACTATTAACTGATCGAAATTTAAATACWTCATTTTTTGATCCTGCTGGAGGAGGGGATCCAATTTTATACCAACATTTATTT				8936647|8936646	http://trace.boldsystems.org/traceIO/bold.org/10755317|http://trace.boldsystems.org/traceIO/bold.org/10755316	2015-03-25 10:04:17|2015-03-25 13:58:40	Beijing Genomics Institute|Beijing Genomics Institute	f|r	LCO1490-JJ|HCO2198-JJ	COI-5P|COI-5P
GCOL8078-16	ZFMK-TIS-2512364	6799976	ZFMK-TIS-2512364	 	Zoologisches Forschungsmuseum Alexander Koenig	BOLD:AAP7165	20	Arthropoda	82	Insecta	413	Coleoptera	948	Carabidae	2933	Harpalinae	124880	Syntomus	330052	Syntomus foveatus	 	 	Frank Koehler	 	 	GBOL-Team ZFMK	2014-09-08	adult	 	 	 	http://id.zfmk.de/collection_ZFMK/2512364/869180/141956	48.6504	-4.2255	GPS	100	France	 	Plounevez-Lochrist-Kernic	Saltmarsh	8238632	COI-5P	KU917806	AACTTTATATTTTATTTTTGGTATATGAGCAGGAATAGTAGGAACATCACTTAGAATCTTAATTCGAGCAGAATTAGGAAACCCTGGAGCTTTAATTGGAGATGACCAAATTTATAATGTAATTGTTACTGCCCATGCTTTTATTATAATTTTTTTTATAGTTATACCTATTATAATTGGAGGATTTGGAAATTGATTAGTTCCTTTAATATTAGGAGCTCCTGATATAGCATTCCCTCGAATAAATAATATAAGATTTTGACTATTACCTCCTTCTTTAACTCTTCTTTTAATGAGAAGAATAGTAGAAAGAGGAGCAGGAACAGGTTGAACAGTTTACCCTCCTTTATCTTCAGGGATTGCTCATGCTGGTGCTTCTGTTGATTTAGCTATTTTTAGTTTACATTTAGCAGGGGTATCATCAATTTTAGGTGCAGTAAATTTCATTACAACAATTATTAATATACGATCTGTAGGAATTACATTTGATCGAATACCTTTATTTGTTTGATCTGTAGGAATTACTGCATTATTATTATTACTATCTTTACCAGTATTAGCTGGAGCTATTACAATACTATTAACTGATCGAAATTTAAATACATCATTTTTTGATCCTGCTGGAGGAGGGGATCCAATTTTATACCAACATTTATTT				8936649|8936648	http://trace.boldsystems.org/traceIO/bold.org/10755319|http://trace.boldsystems.org/traceIO/bold.org/10755318	2015-03-25 10:04:17|2015-03-25 13:58:40	Beijing Genomics Institute|Beijing Genomics Institute	f|r	LCO1490-JJ|HCO2198-JJ	COI-5P|COI-5P
NOCLP1992-19	NOCOL2018	10858407	206258	NOCOL2018	NTNU University Museum, Department of Natural History	BOLD:AAP7165	20	Arthropoda	82	Insecta	413	Coleoptera	948	Carabidae	2933	Harpalinae	124880	Syntomus	330052	Syntomus foveatus	 	 	Frode Odegaard	 	legs	Frode Odegaard	2009-04-19	adult	 	 	 	 	 	 	 	 	Norway	Ostfold	Halden	Orod	12793609	COI-5P	 	TTTATATTTTATTTTTGGTATATGAGCAGGAATAGTAGGAACATCACTTAGAATCTTAATTCGAGCAGGATTAGGAAACCCTGGAGCTTTAATTGGAGATGACCAAATTTATAATGTAATTGTTACTGCCCATGCTTTTATTATAATTTTTTTTATAGTTATACCTATTATAATTGGAGGATTTGGAAATTGATTAGTTCCTTTAATGTTAGGAGCTCCTGATATAGCATTCCCTCGAATAAATAATATAAGATTTTGACTATTACCTCCTTCTTTAACTCTTCTTTTAATGAGAAGAATAGTAGAAAGAGGAGCAGGAACAGGTTGAACAGTTTACCCTCCTTTATCTTCAGGGATTGCTCATGCTGGTGCTTCTGTTGATTTAGCTATTTTTAGCTTACATTTAGCAGGGGTATCATCAATTTTAGGTGCAGTAAATTTCATTACAACAATTATTAATATACGATCTGTAGGAATTACATTTGATCGAATACCTTTATTTGTTTGATCTGTAGGAATTACTGCATTATTATTATTACTATCTTTACCAGTATTAGCTGGAGCTATTACAATACTATTAACTGATCGAAATTTAAATACATCATTTTTTGATCCTGCTGGAGGAGGGGATCCAATTTTATACCAACATTTA	3621605	http://v3.boldsystems.org/pics/NOCLP/NOCOL2018+1572892198.jpg	CreativeCommons - Attribution Share-Alike							
SICOA669-18	CCDB-30445-A04	9045303	USNMENT01452907	 	Smithsonian Institution, National Museum of Natural History	 	20	Arthropoda	82	Insecta	413	Coleoptera	948	Carabidae	2933	Harpalinae	124880	Syntomus	330052	Syntomus foveatus	 	 	USNM Curators	Vouchered:Registered Collection	inv leg	K.Hadke	1994-12-31	 	 	 	 	 	 	 	 	 	Germany	 	 	FRG, Niedersachsen-Miesberg/Hanover	 	 	 	 	3407216|3407218	http://v3.boldsystems.org/pics/SICOA/CCDB-30445-A04_Dorsal+1536334620.jpg|http://v3.boldsystems.org/pics/SICOA/CCDB-30445-A04_Lateral+1536334680.jpg	CreativeCommons - Attribution|CreativeCommons - Attribution							
UKAN2682-24	NHMUK015135587	21065063	NHMUK015135587	 	Natural History Museum, London	 	20	Arthropoda	82	Insecta	413	Coleoptera	948	Carabidae	2933	Harpalinae	124880	Syntomus	330052	Syntomus foveatus	 	 	Nick Button	Vouchered:Registered Collection	 	Nick Button	2022-06-28	Adult	 	 	 	 	52.729	1.6858	 	 	United Kingdom	England	 	Winterton Dunes	 	 	 	 										
UKAN3400-24	NHMUK015113786	21065781	NHMUK015113786	 	Natural History Museum, London	 	20	Arthropoda	82	Insecta	413	Coleoptera	948	Carabidae	2933	Harpalinae	124880	Syntomus	330052	Syntomus foveatus	 	 	Michael Geiser	Vouchered:Registered Collection	 	Michael Geiser; Danae Vassiliades	2023-04-19	Adult	 	 	 	 	51.3388	-0.3658	 	 	United Kingdom	England	 	Surrey, Oxshott Heath	 	 	 	 										
