processid	sampleid	recordID	catalognum	fieldnum	institution_storing	bin_uri	phylum_taxID	phylum_name	class_taxID	class_name	order_taxID	order_name	family_taxID	family_name	subfamily_taxID	subfamily_name	genus_taxID	genus_name	species_taxID	species_name	subspecies_taxID	subspecies_name	identification_provided_by	voucher_type	tissue_type	collectors	collectiondate	lifestage	sex	reproduction	extrainfo	notes	lat	lon	coord_source	coord_accuracy	country	province	region	exactsite	image_ids	image_urls	copyright_licenses	trace_ids	trace_links	run_dates	sequencing_centers	directions	seq_primers	marker_codes
SDP809048-19	Duke.Bio203L.S19.TA4.4	9798682	 	Duke.Bio203L.S19.TA4.4	*unvouchered	BOLD:AAB6200	20	Arthropoda	82	Insecta	127	Diptera	1717	Drosophilidae	5405	Drosophilinae	104261	Zaprionus	104265	Zaprionus indianus	 	 	Student	 	 	Mohamed Noor	 	Adult	 	S	 	::meta:{"specimen":["Yuncheng Duan"],"image":["Yuncheng Duan"],"trace_run_site":["Generic Commercial Lab"],"trace_upload":["Yuncheng Duan"],"sequencing_run_site":["Generic Commercial Lab"],"sequence_upload":["Yuncheng Duan"]}::endMeta:	38.8208	-96.3316	Coordinates from country centroid	 	United States	 	 	 	3478514	http://v3.boldsystems.org/pics/SDP809/TA4_YD_4+1550002115.JPG	CreativeCommons - Attribution Share-Alike	11042879|11042878	http://trace.boldsystems.org/traceIO/bold.org/12861769|http://trace.boldsystems.org/traceIO/bold.org/12861768	2019-02-08 16:37:09|2019-02-08 14:38:06	Generic Commercial Labs|Generic Commercial Labs	R|F	HCO2198|LCO1490	COI-5P|COI-5P
SDP809138-19	Duke.Bio203L.S19.RA1.1	9802990	 	Duke.Bio203L.S19.RA1.1	*unvouchered	BOLD:AAB6200	20	Arthropoda	82	Insecta	127	Diptera	1717	Drosophilidae	5405	Drosophilinae	104261	Zaprionus	104265	Zaprionus indianus	 	 	Student	 	 	Mohamed Noor	2018-07-01	Adult	 	S	 	::meta:{"specimen":["Jenny Xin"],"image":["Jenny Xin"],"trace_run_site":["Generic Commercial Lab"],"trace_upload":["Jenny Xin"],"sequencing_run_site":["Generic Commercial Lab"],"sequence_upload":["Jenny Xin"]}::endMeta:	36.023	-78.975	 	 	United States	North Carolina	Durham	 	3479597	http://v3.boldsystems.org/pics/SDP809/RA1_Fly_1+1550171027.JPG	CreativeCommons - Attribution Share-Alike	11044958|11044957	http://trace.boldsystems.org/traceIO/bold.org/12863852|http://trace.boldsystems.org/traceIO/bold.org/12863851	2019-02-09 06:49:04|2019-02-09 04:49:48	Generic Commercial Labs|Generic Commercial Labs	R|F	HCO2198|LCO1490	COI-5P|COI-5P
SDP809146-19	Duke.Bio203L.S19.TD4.2	9803002	 	Duke.Bio203L.S19.TD4.2	*unvouchered	BOLD:AAB6200	20	Arthropoda	82	Insecta	127	Diptera	1717	Drosophilidae	5405	Drosophilinae	104261	Zaprionus	104265	Zaprionus indianus	 	 	Student	 	 	Mohamed Noor	2018-07-01	Adult	 	S	 	::meta:{"specimen":["Arthi Vaidyanathan"],"image":["Arthi Vaidyanathan"],"trace_run_site":["Generic Commercial Lab"],"trace_upload":["Arthi Vaidyanathan"],"sequencing_run_site":["Generic Commercial Lab"],"sequence_upload":["Arthi Vaidyanathan"]}::endMeta:	36.023	-78.976	 	 	United States	North Carolina	Durham	 	3479605	http://v3.boldsystems.org/pics/SDP809/TD4_fly2_mag2exp1+1550171248.jpg	CreativeCommons - Attribution Share-Alike	11044960|11044959	http://trace.boldsystems.org/traceIO/bold.org/12863854|http://trace.boldsystems.org/traceIO/bold.org/12863853	2019-02-08 14:38:06|2019-02-08 16:37:09	Generic Commercial Labs|Generic Commercial Labs	F|R	LCO1490|HCO2198	COI-5P|COI-5P
SDP809155-19	Duke.Bio203L.S19.RD1.4	9804942	 	Duke.Bio203L.S19.RD1.4	*unvouchered	BOLD:AAB6200	20	Arthropoda	82	Insecta	127	Diptera	1717	Drosophilidae	5405	Drosophilinae	104261	Zaprionus	104265	Zaprionus indianus	 	 	Student	 	 	Mohamed Noor	2018-07-01	Adult	 	S	 	::meta:{"specimen":["Randall Johnson"],"image":["Randall Johnson"],"trace_run_site":["Generic Commercial Lab"],"trace_upload":["Randall Johnson"],"sequencing_run_site":["Generic Commercial Lab"],"sequence_upload":["Randall Johnson"]}::endMeta:	36.023	-78.975	 	 	United States	North Carolina	Durham	 	3479616	http://v3.boldsystems.org/pics/SDP809/RD1_Fly4+1550171574.jpg	CreativeCommons - Attribution Share-Alike	11044976|11044975	http://trace.boldsystems.org/traceIO/bold.org/12863870|http://trace.boldsystems.org/traceIO/bold.org/12863869	2019-02-09 06:49:04|2019-02-09 04:49:48	Generic Commercial Labs|Generic Commercial Labs	R|F	HCO2198|LCO1490	COI-5P|COI-5P
SDP809220-19	Duke.Bio203L.S19.FA2.2	9842546	 	Duke.Bio203L.S19.FA2.2	*unvouchered	BOLD:AAB6200	20	Arthropoda	82	Insecta	127	Diptera	1717	Drosophilidae	5405	Drosophilinae	104261	Zaprionus	104265	Zaprionus indianus	 	 	Student	 	 	Mohamed Noor	2018-07-01	Adult	 	S	 	::meta:{"specimen":["Parmida Jamshidi"],"image":["Parmida Jamshidi"],"trace_run_site":["Generic Commercial Lab"],"trace_upload":["Parmida Jamshidi"],"sequencing_run_site":["Generic Commercial Lab"],"sequence_upload":["Parmida Jamshidi"]}::endMeta:	 	 	 	 	United States	North Carolina	Durham	 	3480944	http://v3.boldsystems.org/pics/SDP809/Duke.Bio203L.S19.FA2.2+1550257719.jpg	CreativeCommons - Attribution Share-Alike	11046676|11046675	http://trace.boldsystems.org/traceIO/bold.org/12865570|http://trace.boldsystems.org/traceIO/bold.org/12865569	2019-02-09 04:49:48|2019-02-09 06:49:04	Generic Commercial Labs|Generic Commercial Labs	F|R	LCO1490|HCO2198	COI-5P|COI-5P
SDP809262-19	Duke.Bio203L.S19.WB2.3A	10281028	 	Duke.Bio203L.S19.WB2.3A	*unvouchered	BOLD:AAB6200	20	Arthropoda	82	Insecta	127	Diptera	1717	Drosophilidae	5405	Drosophilinae	104261	Zaprionus	104265	Zaprionus indianus	 	 	Student	 	 	Mohamed Noor	2018-07-01	Adult	F	S	 	::meta:{"specimen":["Liza Becker"],"image":["Liza Becker"],"trace_run_site":["Generic Commercial Lab"],"trace_upload":["Liza Becker"],"sequencing_run_site":["Generic Commercial Lab"],"sequence_upload":["Liza Becker"]}::endMeta:	36.0234	-78.9759	 	 	United States	North Carolina	 	 	3539777	http://v3.boldsystems.org/pics/SDP809/WB2.3_fullsizeoutput_1173+1557083473.jpg	CreativeCommons - Attribution Share-Alike	11143114|11143113	http://trace.boldsystems.org/traceIO/bold.org/12962063|http://trace.boldsystems.org/traceIO/bold.org/12962062	2019-03-05 10:02:52|2019-03-05 10:02:52	Generic Commercial Labs|Generic Commercial Labs	F|R	LCO1490|HCO2198	COI-5P|COI-5P
SDP902026-20	Duke.Bio203L.S20.TC1B	11276150	 	Duke.Bio203L.S20.TC1B	*unvouchered	BOLD:AAB6200	20	Arthropoda	82	Insecta	127	Diptera	1717	Drosophilidae	5405	Drosophilinae	104261	Zaprionus	104265	Zaprionus indianus	 	 	Student	 	 	Eric Spana	2019-09-12	Adult	F	S	 	::meta:{"specimen":["Rachita Gowdu"],"image":["Rachita Gowdu"],"trace_run_site":["Generic Commercial Lab"],"trace_upload":["Rachita Gowdu"],"sequencing_run_site":["Generic Commercial Lab"],"sequence_upload":["Rachita Gowdu"]}::endMeta:	36.0018	-78.9437	 	 	United States	North Carolina	 	 	3747743	http://v3.boldsystems.org/pics/SDP902/crop_TC1_B+1581444960.JPG	CreativeCommons - Attribution Share-Alike	11456130|11456129	http://trace.boldsystems.org/traceIO/bold.org/13275194|http://trace.boldsystems.org/traceIO/bold.org/13275193	2020-02-07 06:26:26|2020-02-07 04:28:40	Generic Commercial Labs|Generic Commercial Labs	R|F	HCO2198|LCO1490	COI-5P|COI-5P
SDP902032-20	Duke.Bio203L.S20.TD2B	11276344	 	Duke.Bio203L.S20.TD2B	*unvouchered	BOLD:AAB6200	20	Arthropoda	82	Insecta	127	Diptera	1717	Drosophilidae	5405	Drosophilinae	104261	Zaprionus	104265	Zaprionus indianus	 	 	Student	 	 	Eric Spana	2019-09-12	Adult	 	S	 	::meta:{"specimen":["Franklin Feng"],"image":["Franklin Feng"],"trace_run_site":["Generic Commercial Lab"],"trace_upload":["Franklin Feng"],"sequencing_run_site":["Generic Commercial Lab"],"sequence_upload":["Franklin Feng"]}::endMeta:	36.0018	-78.9437	 	 	United States	North Carolina	Durham	 	3747749	http://v3.boldsystems.org/pics/SDP902/Duke.Bio203L.S20.TD2B+1581445256.jpg	CreativeCommons - Attribution Share-Alike	11456144|11456143	http://trace.boldsystems.org/traceIO/bold.org/13275208|http://trace.boldsystems.org/traceIO/bold.org/13275207	2020-02-07 04:28:40|2020-02-07 06:26:26	Generic Commercial Labs|Generic Commercial Labs	F|R	LCO1490|HCO2198	COI-5P|COI-5P
SDP902043-20	Duke.Bio203L.S20.TD1C	11276496	 	Duke.Bio203L.S20.TD1C	*unvouchered	BOLD:AAB6200	20	Arthropoda	82	Insecta	127	Diptera	1717	Drosophilidae	5405	Drosophilinae	104261	Zaprionus	104265	Zaprionus indianus	 	 	Student	 	 	Eric Spana	2019-09-12	Adult	 	S	 	::meta:{"specimen":["Jane Swart","Stephanie Holmer"],"image":["Jane Swart","Stephanie Holmer"],"trace_run_site":["Generic Commercial Lab"],"trace_upload":["Jane Swart"],"sequencing_run_site":["Generic Commercial Lab"],"sequence_upload":["Jane Swart"]}::endMeta:	36.0018	-78.9437	 	 	United States	North Carolina	Durham	 	3747760	http://v3.boldsystems.org/pics/SDP902/TD1_FlyC_crop+1581445822.jpg	CreativeCommons - Attribution Share-Alike	11456166|11456165	http://trace.boldsystems.org/traceIO/bold.org/13275230|http://trace.boldsystems.org/traceIO/bold.org/13275229	2020-02-07 04:28:40|2020-02-07 06:26:26	Generic Commercial Labs|Generic Commercial Labs	F|R	LCO1490|HCO2198	COI-5P|COI-5P
SDP902070-20	Duke.Bio203L.S20.WD2B	11280659	 	Duke.Bio203L.S20.WD2B	*unvouchered	BOLD:AAB6200	20	Arthropoda	82	Insecta	127	Diptera	1717	Drosophilidae	5405	Drosophilinae	104261	Zaprionus	104265	Zaprionus indianus	 	 	Student	 	 	Eric Spana	2019-09-13	Adult	 	S	 	::meta:{"specimen":["Franklin Wu"],"image":["Franklin Wu"],"trace_run_site":["Generic Commercial Lab"],"trace_upload":["Franklin Wu"],"sequencing_run_site":["Generic Commercial Lab"],"sequence_upload":["Franklin Wu"]}::endMeta:	36.0018	-78.9437	 	 	United States	North Carolina	Durham	 	3757807	http://v3.boldsystems.org/pics/SDP902/WD2.FlyB.Bold+1581529987.jpg	CreativeCommons - Attribution Share-Alike	11456223|11456222	http://trace.boldsystems.org/traceIO/bold.org/13275289|http://trace.boldsystems.org/traceIO/bold.org/13275288	2020-02-07 04:28:40|2020-02-07 06:26:26	Generic Commercial Labs|Generic Commercial Labs	F|R	LCO1490|HCO2198	COI-5P|COI-5P
SDP902073-20	Duke.Bio203L.S20.WA2B	11280663	 	Duke.Bio203L.S20.WA2B	*unvouchered	BOLD:AAB6200	20	Arthropoda	82	Insecta	127	Diptera	1717	Drosophilidae	5405	Drosophilinae	104261	Zaprionus	104265	Zaprionus indianus	 	 	Student	 	 	Eric Spana	2019-09-13	Adult	 	S	 	::meta:{"specimen":["Elizabeth Hepburn"],"image":["Elizabeth Hepburn"],"trace_run_site":["Generic Commercial Lab"],"trace_upload":["Elizabeth Hepburn"],"sequencing_run_site":["Generic Commercial Lab"],"sequence_upload":["Elizabeth Hepburn"]}::endMeta:	36.0018	-78.9437	 	 	United States	North Carolina	Durham	 	3757813	http://v3.boldsystems.org/pics/SDP902/WA2.FlyB.New+1581530031.jpg	CreativeCommons - Attribution Share-Alike	11456288|11456287	http://trace.boldsystems.org/traceIO/bold.org/13275354|http://trace.boldsystems.org/traceIO/bold.org/13275353	2020-02-07 04:28:40|2020-02-07 06:26:26	Generic Commercial Labs|Generic Commercial Labs	F|R	LCO1490|HCO2198	COI-5P|COI-5P
SDP902105-20	Duke.Bio203L.S20.AD3A	11285720	 	Duke.Bio203L.S20.AD3A	*unvouchered	BOLD:AAB6200	20	Arthropoda	82	Insecta	127	Diptera	1717	Drosophilidae	5405	Drosophilinae	104261	Zaprionus	104265	Zaprionus indianus	 	 	Student	 	 	Eric Spana	2019-09-25	Adult	F	S	 	::meta:{"specimen":["Derek Mackel"],"image":["Derek Mackel"],"trace_run_site":["Generic Commercial Lab"],"trace_upload":["Derek Mackel"],"sequencing_run_site":["Generic Commercial Lab"],"sequence_upload":["Derek Mackel"]}::endMeta:	36.0018	-78.9437	 	 	United States	North Carolina	Durham	 	3766678	http://v3.boldsystems.org/pics/SDP902/AD3_FlyA_crop+1581601050.jpg	CreativeCommons - Attribution Share-Alike	11458468|11458467	http://trace.boldsystems.org/traceIO/bold.org/13277540|http://trace.boldsystems.org/traceIO/bold.org/13277539	2020-02-08 02:19:54|2020-02-08 01:27:21	Generic Commercial Labs|Generic Commercial Labs	F|R	LCO1490|HCO2198	COI-5P|COI-5P
SDP902119-20	Duke.Bio203L.S20.AA1A	11285744	 	Duke.Bio203L.S20.AA1A	*unvouchered	BOLD:AAB6200	20	Arthropoda	82	Insecta	127	Diptera	1717	Drosophilidae	5405	Drosophilinae	104261	Zaprionus	104265	Zaprionus indianus	 	 	Student	 	 	Eric Spana	2019-09-25	Adult	F	S	 	::meta:{"specimen":["Micheal Bennett"],"image":["Micheal Bennett"],"trace_run_site":["Generic Commercial Lab"],"trace_upload":["Micheal Bennett"],"sequencing_run_site":["Generic Commercial Lab"],"sequence_upload":["Micheal Bennett"]}::endMeta:	36.0018	-78.9437	 	 	United States	North Carolina	Durham	 	3766898	http://v3.boldsystems.org/pics/SDP902/AA1flyA+1581601251.jpg	CreativeCommons - Attribution Share-Alike	11458464|11458463	http://trace.boldsystems.org/traceIO/bold.org/13277536|http://trace.boldsystems.org/traceIO/bold.org/13277535	2020-02-08 02:19:54|2020-02-08 02:19:54	Generic Commercial Labs|Generic Commercial Labs	R|F	HCO2198|LCO1490	COI-5P|COI-5P
SDP902124-20	Duke.Bio203L.S20.AA2C	11285849	 	Duke.Bio203L.S20.AA2C	*unvouchered	BOLD:AAB6200	20	Arthropoda	82	Insecta	127	Diptera	1717	Drosophilidae	5405	Drosophilinae	104261	Zaprionus	104265	Zaprionus indianus	 	 	Student	 	 	Eric Spana	2019-09-25	Adult	 	S	 	::meta:{"specimen":["Laila Edelman"],"image":["Laila Edelman"],"trace_run_site":["Generic Commercial Lab"],"trace_upload":["Laila Edelman"],"sequencing_run_site":["Generic Commercial Lab"],"sequence_upload":["Laila Edelman"]}::endMeta:	36.0018	-78.9437	 	 	United States	North Carolina	Durham	 	3767264	http://v3.boldsystems.org/pics/SDP902/AA2.FlyC.head.cropped+1581601621.JPG	CreativeCommons - Attribution Share-Alike	11458486|11458485	http://trace.boldsystems.org/traceIO/bold.org/13277558|http://trace.boldsystems.org/traceIO/bold.org/13277557	2020-02-08 02:19:54|2020-02-08 02:19:54	Generic Commercial Labs|Generic Commercial Labs	F|R	LCO1490|HCO2198	COI-5P|COI-5P
SDP902151-20	Duke.Bio203L.S20.PC2B	11287126	 	Duke.Bio203L.S20.PC2B	*unvouchered	BOLD:AAB6200	20	Arthropoda	82	Insecta	127	Diptera	1717	Drosophilidae	5405	Drosophilinae	104261	Zaprionus	104265	Zaprionus indianus	 	 	Student	 	 	Eric Spana	2019-09-25	Adult	 	S	 	::meta:{"specimen":["Christian Chitty"],"image":["Christian Chitty"],"trace_run_site":["Generic Commercial Lab"],"trace_upload":["Christian Chitty"],"sequencing_run_site":["Generic Commercial Lab"],"sequence_upload":["Christian Chitty"]}::endMeta:	36.0018	-78.9437	 	 	United States	North Carolina	Durham	 	3776937	http://v3.boldsystems.org/pics/SDP902/PC2.FlyB_BOLD+1581615660.jpg	CreativeCommons - Attribution Share-Alike	11459966|11459965	http://trace.boldsystems.org/traceIO/bold.org/13279040|http://trace.boldsystems.org/traceIO/bold.org/13279039	2020-02-08 01:27:21|2020-02-08 02:19:54	Generic Commercial Labs|Generic Commercial Labs	R|F	HCO2198|LCO1490	COI-5P|COI-5P
SDP902159-20	Duke.Bio203L.S20.PA1B	11287134	 	Duke.Bio203L.S20.PA1B	*unvouchered	BOLD:AAB6200	20	Arthropoda	82	Insecta	127	Diptera	1717	Drosophilidae	5405	Drosophilinae	104261	Zaprionus	104265	Zaprionus indianus	 	 	Student	 	 	Eric Spana	2019-09-25	Adult	 	S	 	::meta:{"specimen":["Simone Nabors"],"image":["Simone Nabors"],"trace_run_site":["Generic Commercial Lab"],"trace_upload":["Simone Nabors"],"sequencing_run_site":["Generic Commercial Lab"],"sequence_upload":["Simone Nabors"]}::endMeta:	36.0018	-78.9437	 	 	United States	North Carolina	Durham	 	3776947	http://v3.boldsystems.org/pics/SDP902/PA1.flyB.cropped+1581615849.jpg	CreativeCommons - Attribution Share-Alike	11459990|11459989	http://trace.boldsystems.org/traceIO/bold.org/13279064|http://trace.boldsystems.org/traceIO/bold.org/13279063	2020-02-08 02:19:54|2020-02-08 01:27:21	Generic Commercial Labs|Generic Commercial Labs	F|R	LCO1490|HCO2198	COI-5P|COI-5P
SDP902168-20	Duke.Bio203L.S20.PD4B	11287149	 	Duke.Bio203L.S20.PD4B	*unvouchered	BOLD:AAB6200	20	Arthropoda	82	Insecta	127	Diptera	1717	Drosophilidae	5405	Drosophilinae	104261	Zaprionus	104265	Zaprionus indianus	 	 	Student	 	 	Eric Spana	2019-09-25	Adult	 	S	 	::meta:{"specimen":["Isabella Pansini"],"image":["Isabella Pansini"],"trace_run_site":["Generic Commercial Lab"],"trace_upload":["Isabella Pansini"],"sequencing_run_site":["Generic Commercial Lab"],"sequence_upload":["Isabella Pansini"]}::endMeta:	36.0018	-78.9437	 	 	United States	North Carolina	Durham	 	3776954	http://v3.boldsystems.org/pics/SDP902/FlyB+1581616000.jpg	CreativeCommons - Attribution Share-Alike	11460002|11460001	http://trace.boldsystems.org/traceIO/bold.org/13279076|http://trace.boldsystems.org/traceIO/bold.org/13279075	2020-02-08 02:19:54|2020-02-08 01:27:21	Generic Commercial Labs|Generic Commercial Labs	F|R	LCO1490|HCO2198	COI-5P|COI-5P
SDP902172-20	Duke.Bio203L.S20.PD2C	11287166	 	Duke.Bio203L.S20.PD2C	*unvouchered	BOLD:AAB6200	20	Arthropoda	82	Insecta	127	Diptera	1717	Drosophilidae	5405	Drosophilinae	104261	Zaprionus	104265	Zaprionus indianus	 	 	Student	 	 	Eric Spana	2019-09-25	Adult	 	S	 	::meta:{"specimen":["Christina Boxberger"],"image":["Christina Boxberger"],"trace_run_site":["Generic Commercial Lab"],"trace_upload":["Christina Boxberger"],"sequencing_run_site":["Generic Commercial Lab"],"sequence_upload":["Christina Boxberger"]}::endMeta:	36.0018	-78.9437	 	 	United States	North Carolina	Durham	 	3776960	http://v3.boldsystems.org/pics/SDP902/PD2.FlyC.copy.bold+1581616286.jpg	CreativeCommons - Attribution Share-Alike	11460012|11460011	http://trace.boldsystems.org/traceIO/bold.org/13279088|http://trace.boldsystems.org/traceIO/bold.org/13279087	2020-02-08 02:19:54|2020-02-08 01:27:21	Generic Commercial Labs|Generic Commercial Labs	F|R	LCO1490|HCO2198	COI-5P|COI-5P
SDP902188-20	Duke.Bio203L.S20.FD2A	11288957	 	Duke.Bio203L.S20.FD2A	*unvouchered	BOLD:AAB6200	20	Arthropoda	82	Insecta	127	Diptera	1717	Drosophilidae	5405	Drosophilinae	104261	Zaprionus	104265	Zaprionus indianus	 	 	Student	 	 	Eric Spana	2019-10-03	Adult	 	S	 	::meta:{"specimen":["David Lee"],"image":["David Lee"],"trace_run_site":["Generic Commercial Lab"],"trace_upload":["David Lee"],"sequencing_run_site":["Generic Commercial Lab"],"sequence_upload":["David Lee"]}::endMeta:	36.0018	-78.9437	 	 	United States	North Carolina	Durham	 	3778366	http://v3.boldsystems.org/pics/SDP902/FD2.FlyA.abdomen_cropped+1581701337.jpg	CreativeCommons - Attribution Share-Alike	11461653|11461652	http://trace.boldsystems.org/traceIO/bold.org/13280729|http://trace.boldsystems.org/traceIO/bold.org/13280728	2020-02-10 22:13:08|2020-02-10 22:13:08	Generic Commercial Labs|Generic Commercial Labs	R|F	HCO2198|LCO1490	COI-5P|COI-5P
SDP902219-20	Duke.Bio203L.S20.FA1C	11289020	 	Duke.Bio203L.S20.FA1C	*unvouchered	BOLD:AAB6200	20	Arthropoda	82	Insecta	127	Diptera	1717	Drosophilidae	5405	Drosophilinae	104261	Zaprionus	104265	Zaprionus indianus	 	 	Student	 	 	Eric Spana	2019-10-03	Adult	 	S	 	::meta:{"specimen":["Michaela Kolarova"],"image":["Michaela Kolarova"],"trace_run_site":["Generic Commercial Lab"],"trace_upload":["Michaela Kolarova"],"sequencing_run_site":["Generic Commercial Lab"],"sequence_upload":["Michaela Kolarova"]}::endMeta:	36.0018	-78.9437	 	 	United States	North Carolina	Durham	 	3778398	http://v3.boldsystems.org/pics/SDP902/FA1.FlyC_cropped+1581702453.JPG	CreativeCommons - Attribution Share-Alike	11461732|11461731	http://trace.boldsystems.org/traceIO/bold.org/13280808|http://trace.boldsystems.org/traceIO/bold.org/13280807	2020-02-10 22:13:08|2020-02-10 22:13:08	Generic Commercial Labs|Generic Commercial Labs	F|R	LCO1490|HCO2198	COI-5P|COI-5P
WALPA5188-13	BIOUG05162-E10	3164819	BIOUG05162-E10	 	Centre for Biodiversity Genomics	BOLD:AAV7244	20	Arthropoda	82	Insecta	113	Lepidoptera	417	Xyloryctidae	52120	Xyloryctinae	76999	Xylorycta	365565	Xylorycta cosmopis	 	 	Paul Hebert	Vouchered:Registered Collection	 	P.M. Heath	2004-12-01	A	 	S	 	Light trap, collected December 2004, no day specified	-32.066	115.852	 	 	Australia	Western Australia	Perth Metro	Beckley Bushland Cnr South St & Kwinana Freeway Le	1955090	http://v3.boldsystems.org/pics/WALPA/IMG_5529+1365084486.jpg	CreativeCommons - Attribution	5982196|5982149|5982102|5982055|5196163|5196068	http://trace.boldsystems.org/traceIO/bold.org/7828823|http://trace.boldsystems.org/traceIO/bold.org/7828776|http://trace.boldsystems.org/traceIO/bold.org/7828729|http://trace.boldsystems.org/traceIO/bold.org/7828682|http://trace.boldsystems.org/traceIO/bold.org/7042765|http://trace.boldsystems.org/traceIO/bold.org/7042670	2013-11-27 15:24:14|2013-11-27 17:06:25|2013-11-27 16:48:08|2013-11-27 12:16:52|2013-05-03 02:40:40|2013-04-30 21:02:42	Centre for Biodiversity Genomics|Centre for Biodiversity Genomics|Centre for Biodiversity Genomics|Centre for Biodiversity Genomics|Centre for Biodiversity Genomics|Centre for Biodiversity Genomics	R|F|R|F|R|R	LepR1|MLepF1|MLepR2|LepF1|LepR1|LepR1	COI-5P|COI-5P|COI-5P|COI-5P|COI-5P|COI-5P
WALPA5190-13	BIOUG05162-E12	3164821	BIOUG05162-E12	 	Centre for Biodiversity Genomics	BOLD:AAV7244	20	Arthropoda	82	Insecta	113	Lepidoptera	417	Xyloryctidae	52120	Xyloryctinae	76999	Xylorycta	365565	Xylorycta cosmopis	 	 	 	Vouchered:Registered Collection	 	P.M. Heath	2004-12-01	A	 	S	 	Light trap, collected December 2004, no day specified	-32.066	115.852	 	 	Australia	Western Australia	Perth Metro	Beckley Bushland Cnr South St & Kwinana Freeway Le	1955094	http://v3.boldsystems.org/pics/WALPA/IMG_5531+1365084526.jpg	CreativeCommons - Attribution	5982198|5982151|5982104|5982057|5196070|5196165	http://trace.boldsystems.org/traceIO/bold.org/7828825|http://trace.boldsystems.org/traceIO/bold.org/7828778|http://trace.boldsystems.org/traceIO/bold.org/7828731|http://trace.boldsystems.org/traceIO/bold.org/7828684|http://trace.boldsystems.org/traceIO/bold.org/7042672|http://trace.boldsystems.org/traceIO/bold.org/7042767	2013-11-27 15:24:14|2013-11-27 17:06:25|2013-11-27 16:48:08|2013-11-27 12:16:52|2013-04-30 21:02:42|2013-05-03 02:40:40	Centre for Biodiversity Genomics|Centre for Biodiversity Genomics|Centre for Biodiversity Genomics|Centre for Biodiversity Genomics|Centre for Biodiversity Genomics|Centre for Biodiversity Genomics	R|F|R|F|R|R	LepR1|MLepF1|MLepR2|LepF1|LepR1|LepR1	COI-5P|COI-5P|COI-5P|COI-5P|COI-5P|COI-5P
WALPB3024-14	BIOUG13744-D03	4665581	BIOUG13744-D03	 	Centre for Biodiversity Genomics	BOLD:AAV7244	20	Arthropoda	82	Insecta	113	Lepidoptera	417	Xyloryctidae	52120	Xyloryctinae	76999	Xylorycta	365565	Xylorycta cosmopis	 	 	Paul Hebert	Vouchered:Registered Collection	 	P.M. Heath	2013-04-01	A	 	 	 	WA 6163, light trap, no day specified	-32.086	115.831	GPS	 	Australia	Western Australia	 	Cockburn Wetland Education Centre, Hope Rd, Perth	2381054	http://v3.boldsystems.org/pics/WALPB/BIOUG13744-D03+1406121968.JPG	CreativeCommons - Attribution	6756020	http://trace.boldsystems.org/traceIO/bold.org/8596852	2014-08-07 18:33:00	Centre for Biodiversity Genomics	R	LepR1	COI-5P
WALPB5125-14	BIOUG16504-E02	5087030	BIOUG16504-E02	 	Centre for Biodiversity Genomics	BOLD:AAV7244	20	Arthropoda	82	Insecta	113	Lepidoptera	417	Xyloryctidae	52120	Xyloryctinae	76999	Xylorycta	365565	Xylorycta cosmopis	 	 	Allison Brown	 	 	P.M. Heath	2013-04-01	A	 	 	 	 	-32.219	115.899	 	 	Australia	Western Australia	 	Perth Metro Modong Nature Reserve, Thomas Road WA6	2485921	http://v3.boldsystems.org/pics/WALPB/BIOUG16504-E02+1417186964.JPG	CreativeCommons - Attribution	7246999	http://trace.boldsystems.org/traceIO/bold.org/9072972	2014-12-03 00:57:36	Centre for Biodiversity Genomics	R	LepR1	COI-5P
WALPC326-14	BIOUG16873-D05	5209266	BIOUG16873-D05	 	Centre for Biodiversity Genomics	BOLD:AAV7244	20	Arthropoda	82	Insecta	113	Lepidoptera	417	Xyloryctidae	52120	Xyloryctinae	76999	Xylorycta	365565	Xylorycta cosmopis	 	 	Jeremy deWaard	Vouchered:Registered Collection	 	P.M. Heath	2013-04-01	A	 	 	 	 	-32.0861	115.831	GPS	 	Australia	Western Australia	 	Perth Metro, Hope Rd., Cockburn Educ. Cnr. 6163	2474301	http://v3.boldsystems.org/pics/WALPC/BIOUG16873-D05+1415925660.JPG	CreativeCommons - Attribution	7292230	http://trace.boldsystems.org/traceIO/bold.org/9117678	2014-12-04 07:14:46	Centre for Biodiversity Genomics	R	LepR1	COI-5P
GMESF194-14	BIOUG14595-A04	4833685	BIOUG14595-A04	GMP#01764	Centre for Biodiversity Genomics	BOLD:AAB6200	20	Arthropoda	82	Insecta	127	Diptera	1717	Drosophilidae	5405	Drosophilinae	104261	Zaprionus	104265	Zaprionus indianus	 	 	Kate Perez	Vouchered:Registered Collection	inv whole voucher	O.El-Ansary	2013-08-07	A	 	 	 	Collected from 31-jul-13 to 7-aug-13	31.204	29.9496	 	 	Egypt	Alexandria	 	Antoniades Gardens	2475565	http://v3.boldsystems.org/pics/GMESF/BIOUG14595-A04+1415993026.jpg	CreativeCommons - Attribution	6798678	http://trace.boldsystems.org/traceIO/bold.org/8639126	2014-08-20 00:45:00	Centre for Biodiversity Genomics	R	C_LepFolR	COI-5P
SDP809137-19	Duke.Bio203L.S19.RC1.1	9802989	 	Duke.Bio203L.S19.RC1.1	*unvouchered	BOLD:AAB6200	20	Arthropoda	82	Insecta	127	Diptera	1717	Drosophilidae	5405	Drosophilinae	104261	Zaprionus	104265	Zaprionus indianus	 	 	Student	 	 	Mohamed Noor	2018-07-01	Adult	 	 	 	::meta:{"specimen":["Molly Chakraborty"],"image":["Molly Chakraborty"],"trace_run_site":["Generic Commercial Lab"],"trace_upload":["Molly Chakraborty"],"sequencing_run_site":["Generic Commercial Lab"],"sequence_upload":["Molly Chakraborty"]}::endMeta:	36.023	-78.975	 	 	United States	North Carolina	Durham	 	3479601	http://v3.boldsystems.org/pics/SDP809/RC1_Fly1+1550171168.jpg	CreativeCommons - Attribution Share-Alike	11044954|11044953	http://trace.boldsystems.org/traceIO/bold.org/12863848|http://trace.boldsystems.org/traceIO/bold.org/12863847	2019-02-09 04:49:48|2019-02-09 06:49:04	Generic Commercial Labs|Generic Commercial Labs	F|R	LCO1490|HCO2198	COI-5P|COI-5P
SDP809147-19	Duke.Bio203L.S19.RC4.4	9803388	 	Duke.Bio203L.S19.RC4.4	*unvouchered	BOLD:AAB6200	20	Arthropoda	82	Insecta	127	Diptera	1717	Drosophilidae	5405	Drosophilinae	104261	Zaprionus	104265	Zaprionus indianus	 	 	Student	 	 	Mohamed Noor	2018-07-01	Adult	 	S	 	::meta:{"specimen":["Michelle Katemauswa"],"trace_run_site":["Generic Commercial Lab"],"trace_upload":["Michelle Katemauswa"],"sequencing_run_site":["Generic Commercial Lab"],"sequence_upload":["Michelle Katemauswa"],"image":["Michelle Katemauswa"]}::endMeta:	36.023	-78.976	 	 	United States	North Carolina	Durham	 	3479612	http://v3.boldsystems.org/pics/SDP809/RC4_Fly_4+1550171412.JPG	CreativeCommons - Attribution Share-Alike	11044956|11044955	http://trace.boldsystems.org/traceIO/bold.org/12863850|http://trace.boldsystems.org/traceIO/bold.org/12863849	2019-02-09 06:49:04|2019-02-09 04:49:48	Generic Commercial Labs|Generic Commercial Labs	R|F	HCO2198|LCO1490	COI-5P|COI-5P
SDP809175-19	Duke.Bio203L.S19.RA2.3	9805012	 	Duke.Bio203L.S19.RA2.3	*unvouchered	BOLD:AAB6200	20	Arthropoda	82	Insecta	127	Diptera	1717	Drosophilidae	5405	Drosophilinae	104261	Zaprionus	104265	Zaprionus indianus	 	 	Student	 	 	Mohamed Noor	2018-07-01	Adult	 	 	 	::meta:{"specimen":["Ramona Naseri"],"image":["Ramona Naseri"],"trace_run_site":["Generic Commercial Lab"],"trace_upload":["Ramona Naseri"],"sequencing_run_site":["Generic Commercial Lab"],"sequence_upload":["Ramona Naseri"]}::endMeta:	36.023	-78.975	 	 	United States	North Carolina	Durham	 	3479637	http://v3.boldsystems.org/pics/SDP809/RA2_fly3+1550172393.JPG	CreativeCommons - Attribution Share-Alike	11045020|11045019	http://trace.boldsystems.org/traceIO/bold.org/12863914|http://trace.boldsystems.org/traceIO/bold.org/12863913	2019-02-09 06:49:04|2019-02-09 04:49:48	Generic Commercial Labs|Generic Commercial Labs	R|F	HCO2198|LCO1490	COI-5P|COI-5P
SDP902014-20	Duke.Bio203L.S20.TC4A	11269225	 	Duke.Bio203L.S20.TC4A	*unvouchered	BOLD:AAB6200	20	Arthropoda	82	Insecta	127	Diptera	1717	Drosophilidae	5405	Drosophilinae	104261	Zaprionus	104265	Zaprionus indianus	 	 	Student	 	 	Eric Spana	2019-12-09	Adult	 	S	 	::meta:{"specimen":["Maddie Olexa"],"image":["Maddie Olexa"],"trace_run_site":["Generic Commercial Lab"],"trace_upload":["Maddie Olexa"],"sequencing_run_site":["Generic Commercial Lab"],"sequence_upload":["Maddie Olexa"]}::endMeta:	36.0018	-78.9437	 	 	United States	North Carolina	Durham	Duke University	3747731	http://v3.boldsystems.org/pics/SDP902/TC4_Aj+1581444362.jpg	CreativeCommons - Attribution Share-Alike	11456112|11456111	http://trace.boldsystems.org/traceIO/bold.org/13275176|http://trace.boldsystems.org/traceIO/bold.org/13275175	2020-02-07 04:28:40|2020-02-07 06:26:26	Generic Commercial Labs|Generic Commercial Labs	F|R	LCO1490|HCO2198	COI-5P|COI-5P
SDP902028-20	Duke.Bio203L.S20.TD4B	11276336	 	Duke.Bio203L.S20.TD4B	*unvouchered	BOLD:AAB6200	20	Arthropoda	82	Insecta	127	Diptera	1717	Drosophilidae	5405	Drosophilinae	104261	Zaprionus	104265	Zaprionus indianus	 	 	Student	 	 	Eric Spana	2019-09-12	Adult	 	S	 	::meta:{"specimen":["Connor Haughey"],"image":["Connor Haughey"],"trace_run_site":["Generic Commercial Lab"],"trace_upload":["Connor Haughey"],"sequencing_run_site":["Generic Commercial Lab"],"sequence_upload":["Connor Haughey"]}::endMeta:	36.0018	-78.9437	 	 	United States	North Carolina	Durham	 	3747745	http://v3.boldsystems.org/pics/SDP902/TD4B_un+1581445071.jpg	CreativeCommons - Attribution Share-Alike	11456134|11456133	http://trace.boldsystems.org/traceIO/bold.org/13275198|http://trace.boldsystems.org/traceIO/bold.org/13275197	2020-02-07 04:28:40|2020-02-07 06:26:26	Generic Commercial Labs|Generic Commercial Labs	F|R	LCO1490|HCO2198	COI-5P|COI-5P
SDP902029-20	Duke.BioL.203L.S20.TA2B	11276337	 	Duke.BioL.203L.S20.TA2B	*unvouchered	BOLD:AAB6200	20	Arthropoda	82	Insecta	127	Diptera	1717	Drosophilidae	5405	Drosophilinae	104261	Zaprionus	104265	Zaprionus indianus	 	 	Student	 	 	Eric Spana	2019-12-09	Adult	F	S	 	::meta:{"specimen":["Lauren Puig"],"image":["Lauren Puig"],"trace_run_site":["Generic Commercial Lab"],"trace_upload":["Lauren Puig"],"sequencing_run_site":["Generic Commercial Lab"],"sequence_upload":["Lauren Puig"]}::endMeta:	36.0018	-78.9437	 	 	United States	North Carolina	Durham	 	3747747	http://v3.boldsystems.org/pics/SDP902/TA2_B+1581445180.jpg	CreativeCommons - Attribution Share-Alike	11456140|11456139	http://trace.boldsystems.org/traceIO/bold.org/13275204|http://trace.boldsystems.org/traceIO/bold.org/13275203	2020-02-07 04:28:40|2020-02-07 06:26:26	Generic Commercial Labs|Generic Commercial Labs	F|R	LCO1490|HCO2198	COI-5P|COI-5P
SDP902035-20	Duke.Bio203L.S20.TC3B.Z.indianus	11276353	 	Duke.Bio203L.S20.TC3B.Z.indianus	*unvouchered	BOLD:AAB6200	20	Arthropoda	82	Insecta	127	Diptera	1717	Drosophilidae	5405	Drosophilinae	104261	Zaprionus	104265	Zaprionus indianus	 	 	Student	 	 	Eric Spana	2019-12-09	Adult	 	S	 	::meta:{"specimen":["Erin Butcher"],"image":["Erin Butcher"],"trace_run_site":["Generic Commercial Lab"],"trace_upload":["Erin Butcher"],"sequencing_run_site":["Generic Commercial Lab"],"sequence_upload":["Erin Butcher"]}::endMeta:	36.0018	-78.9437	 	 	United States	North Carolina	 	 	3747752	http://v3.boldsystems.org/pics/SDP902/FlyB+1581445409.JPG	CreativeCommons - Attribution Share-Alike	11456148|11456147	http://trace.boldsystems.org/traceIO/bold.org/13275212|http://trace.boldsystems.org/traceIO/bold.org/13275211	2020-02-07 06:26:26|2020-02-07 04:28:40	Generic Commercial Labs|Generic Commercial Labs	R|F	HCO2198|LCO1490	COI-5P|COI-5P
SDP902040-20	Duke.Bio203L.S20.TA2C	11276487	 	Duke.Bio203L.S20.TA2C	*unvouchered	BOLD:AAB6200	20	Arthropoda	82	Insecta	127	Diptera	1717	Drosophilidae	5405	Drosophilinae	104261	Zaprionus	104265	Zaprionus indianus	 	 	Student	 	 	Eric Spana	2019-12-09	Adult	F	S	 	::meta:{"specimen":["Lauren Puig"],"image":["Lauren Puig"],"trace_run_site":["Generic Commercial Lab"],"trace_upload":["Lauren Puig"],"sequencing_run_site":["Generic Commercial Lab"],"sequence_upload":["Lauren Puig"]}::endMeta:	36.0018	-78.9437	 	 	United States	North Carolina	Durham	 	3747758	http://v3.boldsystems.org/pics/SDP902/TA2_C+1581445619.jpg	CreativeCommons - Attribution Share-Alike	11456160|11456159	http://trace.boldsystems.org/traceIO/bold.org/13275224|http://trace.boldsystems.org/traceIO/bold.org/13275223	2020-02-07 06:26:26|2020-02-07 04:28:40	Generic Commercial Labs|Generic Commercial Labs	R|F	HCO2198|LCO1490	COI-5P|COI-5P
SDP902046-20	Duke.Bio203L.S20.TB4C	11276903	 	Duke.Bio203L.S20.TB4C	*unvouchered	BOLD:AAB6200	20	Arthropoda	82	Insecta	127	Diptera	1717	Drosophilidae	5405	Drosophilinae	104261	Zaprionus	104265	Zaprionus indianus	 	 	Student	 	 	Eric Spana	2019-12-09	Adult	 	S	 	::meta:{"specimen":["Stephanie Holmer"],"image":["Stephanie Holmer"],"trace_run_site":["Generic Commercial Lab"],"trace_upload":["Stephanie Holmer"],"sequencing_run_site":["Generic Commercial Lab"],"sequence_upload":["Stephanie Holmer"]}::endMeta:	36.0018	-78.9437	 	 	United States	North Carolina	Durham	 	3747788	http://v3.boldsystems.org/pics/SDP902/TB4-FlyC-BOLD+1581450094.jpg	CreativeCommons - Attribution Share-Alike	11456174|11456173	http://trace.boldsystems.org/traceIO/bold.org/13275238|http://trace.boldsystems.org/traceIO/bold.org/13275237	2020-02-07 04:28:40|2020-02-07 06:26:26	Generic Commercial Labs|Generic Commercial Labs	F|R	LCO1490|HCO2198	COI-5P|COI-5P
SDP902061-20	Duke.Bio203L.S20.WD4A	11280591	 	Duke.Bio203L.S20.WD4A	*unvouchered	BOLD:AAB6200	20	Arthropoda	82	Insecta	127	Diptera	1717	Drosophilidae	5405	Drosophilinae	104261	Zaprionus	104265	Zaprionus indianus	 	 	Student	 	 	Eric Spana	2019-09-13	Adult	 	S	 	::meta:{"specimen":["Deney Li"],"image":["Deney Li"],"trace_run_site":["Generic Commercial Lab"],"trace_upload":["Deney Li"],"sequencing_run_site":["Generic Commercial Lab"],"sequence_upload":["Deney Li"]}::endMeta:	36.0018	-78.9437	 	 	United States	North Carolina	Durham	 	3757789	http://v3.boldsystems.org/pics/SDP902/WD4_fly_A_new+1581529466.jpg	CreativeCommons - Attribution Share-Alike	11456276|11456254	http://trace.boldsystems.org/traceIO/bold.org/13275342|http://trace.boldsystems.org/traceIO/bold.org/13275320	2020-02-07 06:26:26|2020-02-07 04:28:40	Generic Commercial Labs|Generic Commercial Labs	R|F	HCO2198|LCO1490	COI-5P|COI-5P
SDP902068-20	Duke.Bio203L.S20.WC4B	11280657	 	Duke.Bio203L.S20.WC4B	*unvouchered	BOLD:AAB6200	20	Arthropoda	82	Insecta	127	Diptera	1717	Drosophilidae	5405	Drosophilinae	104261	Zaprionus	104265	Zaprionus indianus	 	 	Student	 	 	Eric Spana	2019-09-13	Adult	 	S	 	::meta:{"specimen":["Paxtyn Lawson"],"image":["Paxtyn Lawson"],"trace_run_site":["Generic Commercial Lab"],"trace_upload":["Paxtyn Lawson"],"sequencing_run_site":["Generic Commercial Lab"],"sequence_upload":["Paxtyn Lawson"]}::endMeta:	36.0018	-78.9437	 	 	United States	North Carolina	 	 	3757808	http://v3.boldsystems.org/pics/SDP902/WC4_B_crop+1581529997.jpg	CreativeCommons - Attribution Share-Alike	11456227|11456226	http://trace.boldsystems.org/traceIO/bold.org/13275293|http://trace.boldsystems.org/traceIO/bold.org/13275292	2020-02-07 06:26:26|2020-02-07 04:28:40	Generic Commercial Labs|Generic Commercial Labs	R|F	HCO2198|LCO1490	COI-5P|COI-5P
SDP902075-20	Duke.Bio203L.S20.WA1B	11280667	 	Duke.Bio203L.S20.WA1B	*unvouchered	BOLD:AAB6200	20	Arthropoda	82	Insecta	127	Diptera	1717	Drosophilidae	5405	Drosophilinae	104261	Zaprionus	104265	Zaprionus indianus	 	 	Student	 	 	Eric Spana	2019-09-13	Adult	 	S	 	::meta:{"specimen":["Isabella Swigart"],"image":["Isabella Swigart"],"trace_run_site":["Generic Commercial Lab"],"trace_upload":["Isabella Swigart"],"sequencing_run_site":["Generic Commercial Lab"],"sequence_upload":["Isabella Swigart"]}::endMeta:	36.0018	-78.9437	 	 	United States	North Carolina	Durham	 	3757817	http://v3.boldsystems.org/pics/SDP902/WA1_Fly2_crop+1581530192.jpg	CreativeCommons - Attribution Share-Alike	11456413|11456411	http://trace.boldsystems.org/traceIO/bold.org/13275479|http://trace.boldsystems.org/traceIO/bold.org/13275477	2020-02-07 04:28:40|2020-02-07 06:26:26	Generic Commercial Labs|Generic Commercial Labs	F|R	LCO1490|HCO2198	COI-5P|COI-5P
SDP902100-20	Duke.Bio203L.S20.AA3A	11285715	 	Duke.Bio203L.S20.AA3A	*unvouchered	BOLD:AAB6200	20	Arthropoda	82	Insecta	127	Diptera	1717	Drosophilidae	5405	Drosophilinae	104261	Zaprionus	104265	Zaprionus indianus	 	 	Student	 	 	Eric Spana	2019-09-25	Adult	F	S	 	::meta:{"specimen":["David Coffman"],"image":["David Coffman"],"trace_run_site":["Generic Commercial Lab"],"trace_upload":["David Coffman"],"sequencing_run_site":["Generic Commercial Lab"],"sequence_upload":["David Coffman"]}::endMeta:	36.0018	-78.9437	 	 	United States	North Carolina	Durham	 	3766088	http://v3.boldsystems.org/pics/SDP902/AA3_A-1+1581600424.JPG	CreativeCommons - Attribution Share-Alike	11458438|11458437	http://trace.boldsystems.org/traceIO/bold.org/13277510|http://trace.boldsystems.org/traceIO/bold.org/13277509	2020-02-08 02:19:54|2020-02-08 02:19:54	Generic Commercial Labs|Generic Commercial Labs	R|F	HCO2198|LCO1490	COI-5P|COI-5P
SDP902152-20	Duke.Bio203L.S20.PC3B	11287127	 	Duke.Bio203L.S20.PC3B	*unvouchered	BOLD:AAB6200	20	Arthropoda	82	Insecta	127	Diptera	1717	Drosophilidae	5405	Drosophilinae	104261	Zaprionus	104265	Zaprionus indianus	 	 	Student	 	 	Eric Spana	2019-09-25	Adult	 	S	 	::meta:{"specimen":["Michelle Liang"],"image":["Michelle Liang"],"trace_run_site":["Generic Commercial Lab"],"trace_upload":["Michelle Liang"],"sequencing_run_site":["Generic Commercial Lab"],"sequence_upload":["Michelle Liang"]}::endMeta:	36.0018	-78.9437	 	 	United States	North Carolina	Durham	 	3776939	http://v3.boldsystems.org/pics/SDP902/PC3.FlyB+1581615675.JPG	CreativeCommons - Attribution Share-Alike	11459968|11459967	http://trace.boldsystems.org/traceIO/bold.org/13279042|http://trace.boldsystems.org/traceIO/bold.org/13279041	2020-02-08 01:27:21|2020-02-08 02:19:54	Generic Commercial Labs|Generic Commercial Labs	R|F	HCO2198|LCO1490	COI-5P|COI-5P
SDP902153-20	Duke.Bio203L.S20.PC4B	11287128	 	Duke.Bio203L.S20.PC4B	*unvouchered	BOLD:AAB6200	20	Arthropoda	82	Insecta	127	Diptera	1717	Drosophilidae	5405	Drosophilinae	104261	Zaprionus	104265	Zaprionus indianus	 	 	Student	 	 	Eric Spana	2019-09-25	Adult	 	S	 	::meta:{"specimen":["Zirui Zhou"],"image":["Zirui Zhou"],"trace_run_site":["Generic Commercial Lab"],"trace_upload":["Zirui Zhou"],"sequencing_run_site":["Generic Commercial Lab"],"sequence_upload":["Zirui Zhou"]}::endMeta:	36.0018	-78.9437	 	 	United States	North Carolina	Durham	 	3776940	http://v3.boldsystems.org/pics/SDP902/PC4_FlyB_Z_indianus+1581615722.jpg	CreativeCommons - Attribution Share-Alike	11459972|11459971	http://trace.boldsystems.org/traceIO/bold.org/13279046|http://trace.boldsystems.org/traceIO/bold.org/13279045	2020-02-08 02:19:54|2020-02-08 01:27:21	Generic Commercial Labs|Generic Commercial Labs	F|R	LCO1490|HCO2198	COI-5P|COI-5P
SDP902163-20	Duke.Bio203L.S20.PD3B	11287141	 	Duke.Bio203L.S20.PD3B	*unvouchered	BOLD:AAB6200	20	Arthropoda	82	Insecta	127	Diptera	1717	Drosophilidae	5405	Drosophilinae	104261	Zaprionus	104265	Zaprionus indianus	 	 	Student	 	 	Eric Spana	2019-09-25	Adult	 	S	 	::meta:{"specimen":["Caroline Anderson"],"image":["Caroline Anderson"],"trace_run_site":["Generic Commercial Lab"],"trace_upload":["Caroline Anderson"],"sequencing_run_site":["Generic Commercial Lab"],"sequence_upload":["Caroline Anderson"]}::endMeta:	36.0018	-78.9437	 	 	United States	North Carolina	 	 	3776948	http://v3.boldsystems.org/pics/SDP902/PD3.flyB_BOLD+1581615867.jpg	CreativeCommons - Attribution Share-Alike	11459986|11459985	http://trace.boldsystems.org/traceIO/bold.org/13279060|http://trace.boldsystems.org/traceIO/bold.org/13279059	2020-02-08 02:19:54|2020-02-08 01:27:21	Generic Commercial Labs|Generic Commercial Labs	F|R	LCO1490|HCO2198	COI-5P|COI-5P
SDP902171-20	Duke.Bio203L.S20.PB3C	11287158	 	Duke.Bio203L.S20.PB3C	*unvouchered	BOLD:AAB6200	20	Arthropoda	82	Insecta	127	Diptera	1717	Drosophilidae	5405	Drosophilinae	104261	Zaprionus	104265	Zaprionus indianus	 	 	Student	 	 	Eric Spana	2019-09-25	Adult	 	S	 	::meta:{"specimen":["Lauren Miller"],"image":["Lauren Miller"],"trace_run_site":["Generic Commercial Lab"],"trace_upload":["Lauren Miller"],"sequencing_run_site":["Generic Commercial Lab"],"sequence_upload":["Lauren Miller"]}::endMeta:	36.0018	-78.9437	 	 	United States	North Carolina	Durham	 	3776957	http://v3.boldsystems.org/pics/SDP902/PB3_-_C_BOLD+1581616102.jpg	CreativeCommons - Attribution Share-Alike	11460004|11460003	http://trace.boldsystems.org/traceIO/bold.org/13279078|http://trace.boldsystems.org/traceIO/bold.org/13279077	2020-02-08 02:19:54|2020-02-08 01:27:21	Generic Commercial Labs|Generic Commercial Labs	F|R	LCO1490|HCO2198	COI-5P|COI-5P
SDP902176-20	Duke.Bio203L.S20.PA3C	11287173	 	Duke.Bio203L.S20.PA3C	*unvouchered	BOLD:AAB6200	20	Arthropoda	82	Insecta	127	Diptera	1717	Drosophilidae	5405	Drosophilinae	104261	Zaprionus	104265	Zaprionus indianus	 	 	Student	 	 	Eric Spana	2019-09-25	Adult	 	S	 	::meta:{"specimen":["Austin Camp"],"image":["Austin Camp"],"trace_run_site":["Generic Commercial Lab"],"trace_upload":["Austin Camp"],"sequencing_run_site":["Generic Commercial Lab"],"sequence_upload":["Austin Camp"]}::endMeta:	36.0018	-78.9437	 	 	United States	North Carolina	Durham	 	3776961	http://v3.boldsystems.org/pics/SDP902/PA3_C_BOLD+1581616305.jpg	CreativeCommons - Attribution Share-Alike	11460014|11460013	http://trace.boldsystems.org/traceIO/bold.org/13279090|http://trace.boldsystems.org/traceIO/bold.org/13279089	2020-02-08 02:19:54|2020-02-08 01:27:21	Generic Commercial Labs|Generic Commercial Labs	F|R	LCO1490|HCO2198	COI-5P|COI-5P
SDP902190-20	Duke.Bio.203L.S20FD1A	11288959	 	Duke.Bio.203L.S20FD1A	*unvouchered	BOLD:AAB6200	20	Arthropoda	82	Insecta	127	Diptera	1717	Drosophilidae	5405	Drosophilinae	104261	Zaprionus	104265	Zaprionus indianus	 	 	Student	 	 	Eric Spana	2019-10-03	Adult	 	S	 	::meta:{"specimen":["Peter Nam"],"image":["Peter Nam"],"trace_run_site":["Generic Commercial Lab"],"trace_upload":["Peter Nam"],"sequencing_run_site":["Generic Commercial Lab"],"sequence_upload":["Peter Nam"]}::endMeta:	36.0018	-78.9437	 	 	United States	North Carolina	Durham	 	3778378	http://v3.boldsystems.org/pics/SDP902/flyA_copy+1581701651.jpg	CreativeCommons - Attribution Share-Alike	11461694|11461693	http://trace.boldsystems.org/traceIO/bold.org/13280770|http://trace.boldsystems.org/traceIO/bold.org/13280769	2020-02-10 22:13:08|2020-02-10 22:13:08	Generic Commercial Labs|Generic Commercial Labs	F|R	LCO1490|HCO2198	COI-5P|COI-5P
WALPA5218-13	BIOUG05162-H04	3164849	BIOUG05162-H04	 	Centre for Biodiversity Genomics	BOLD:AAV7244	20	Arthropoda	82	Insecta	113	Lepidoptera	417	Xyloryctidae	52120	Xyloryctinae	76999	Xylorycta	365565	Xylorycta cosmopis	 	 	Paul Hebert	Vouchered:Registered Collection	 	P.M. Heath	2004-12-01	A	 	S	 	Light, collected December 2004, no day specified	-32.062	115.859	 	 	Australia	Western Australia	Perth Metro	Vigors Ave, Bullcreek	1955152	http://v3.boldsystems.org/pics/WALPA/IMG_5562+1365085290.jpg	CreativeCommons - Attribution	5982206|5982112|5982065|5196098	http://trace.boldsystems.org/traceIO/bold.org/7828833|http://trace.boldsystems.org/traceIO/bold.org/7828739|http://trace.boldsystems.org/traceIO/bold.org/7828692|http://trace.boldsystems.org/traceIO/bold.org/7042700	2013-11-27 15:24:14|2013-11-27 16:48:08|2013-11-27 12:16:52|2013-04-30 21:02:42	Centre for Biodiversity Genomics|Centre for Biodiversity Genomics|Centre for Biodiversity Genomics|Centre for Biodiversity Genomics	R|R|F|R	LepR1|MLepR2|LepF1|LepR1	COI-5P|COI-5P|COI-5P|COI-5P
WALPB3150-14	BIOUG13745-F10	4733271	BIOUG13745-F10	 	Centre for Biodiversity Genomics	BOLD:AAV7244	20	Arthropoda	82	Insecta	113	Lepidoptera	417	Xyloryctidae	52120	Xyloryctinae	76999	Xylorycta	365565	Xylorycta cosmopis	 	 	Paul Hebert	Vouchered:Registered Collection	 	P.M. Heath	2013-04-01	A	 	 	 	WA 6107, light trap, no day specified	-32.021	115.917	GPS	 	Australia	Western Australia	 	Castledare Miniature Railway, Wilson, Perth Metrop	2388125	http://v3.boldsystems.org/pics/WALPB/BIOUG13745-F10+1406716860.JPG	CreativeCommons - Attribution	6793487	http://trace.boldsystems.org/traceIO/bold.org/8633935	2014-08-13 08:19:58	Centre for Biodiversity Genomics	R	LepR1	COI-5P
WALPB4687-14	BIOUG14613-H03	4836379	BIOUG14613-H03	 	Centre for Biodiversity Genomics	BOLD:AAV7244	20	Arthropoda	82	Insecta	113	Lepidoptera	417	Xyloryctidae	52120	Xyloryctinae	76999	Xylorycta	365565	Xylorycta cosmopis	 	 	Angela Telfer	Vouchered:Registered Collection	 	P.M. Heath	2013-03-31	A	 	 	 	WA 6163, light trap, no day specified	-32.086	115.831	GPS	 	Australia	Western Australia	 	CockburnWetlandEducation Centre, Hope Rd, Perth Me	2409505	http://v3.boldsystems.org/pics/WALPB/BIOUG14613-H03+1408029018.JPG	CreativeCommons - Attribution	6867820	http://trace.boldsystems.org/traceIO/bold.org/8708208	2014-09-06 00:30:57	Centre for Biodiversity Genomics	R	LepR1	COI-5P
WALPC048-14	BIOUG16870-D12	5208988	BIOUG16870-D12	 	Centre for Biodiversity Genomics	BOLD:AAV7244	20	Arthropoda	82	Insecta	113	Lepidoptera	417	Xyloryctidae	52120	Xyloryctinae	76999	Xylorycta	365565	Xylorycta cosmopis	 	 	Paul Hebert	Vouchered:Registered Collection	 	P.M. Heath	2013-12-01	A	 	 	 	 	-32.0136	115.909	GPS	 	Australia	Western Australia	 	Perth Metro, Ellis St., Wilson, WA6107	2469236	http://v3.boldsystems.org/pics/WALPC/BIOUG16870-D12+1415400720.JPG	CreativeCommons - Attribution	7243955	http://trace.boldsystems.org/traceIO/bold.org/9070688	2014-12-04 02:44:39	Centre for Biodiversity Genomics	R	LepR1	COI-5P
WALPC2991-15	BIOUG18804-D08	5457268	BIOUG18804-D08	 	Centre for Biodiversity Genomics	BOLD:AAV7244	20	Arthropoda	82	Insecta	113	Lepidoptera	417	Xyloryctidae	52120	Xyloryctinae	76999	Xylorycta	365565	Xylorycta cosmopis	 	 	Jeremy deWaard	Vouchered:Registered Collection	 	P.M.Heath	2014-03-01	A	 	S	 	Collected March 2014, no day specified	-32.086	115.831	 	 	Australia	Western Australia	 	Perth, Hope Rd., Cockburn Wetland Educ. Center	2536384	http://v3.boldsystems.org/pics/WALPC/BIOUG18804-D08+1423077108.JPG	CreativeCommons - Attribution	7583604	http://trace.boldsystems.org/traceIO/bold.org/9407382	2015-03-11 21:27:56	Centre for Biodiversity Genomics	R	LepR1	COI-5P
SDP809012-19	Duke.Bio203L.S19.TD3.2	9798607	 	Duke.Bio203L.S19.TD3.2	*unvouchered	BOLD:AAB6200	20	Arthropoda	82	Insecta	127	Diptera	1717	Drosophilidae	5405	Drosophilinae	104261	Zaprionus	104265	Zaprionus indianus	 	 	Student	 	 	Mohamed Noor	 	Adult	F	 	 	::meta:{"specimen":["Natalie Gulrajani"],"image":["Natalie Gulrajani"],"trace_run_site":["Generic Commercial Lab"],"trace_upload":["Natalie Gulrajani"],"sequencing_run_site":["Generic Commercial Lab"],"sequence_upload":["Natalie Gulrajani"]}::endMeta:	36.0234	-78.9759	 	 	United States	North Carolina	 	 	3478482	http://v3.boldsystems.org/pics/SDP809/TD3_fly2_mag2exp1+1549998463.JPG	CreativeCommons - Attribution Share-Alike	11042803|11042802	http://trace.boldsystems.org/traceIO/bold.org/12861689|http://trace.boldsystems.org/traceIO/bold.org/12861688	2019-02-08 14:38:06|2019-02-08 16:37:09	Generic Commercial Labs|Generic Commercial Labs	F|R	LCO1490|HCO2198	COI-5P|COI-5P
SDP809082-19	Duke.Bio203L.S19.WD4.2	9802532	 	Duke.Bio203L.S19.WD4.2	*unvouchered	BOLD:AAB6200	20	Arthropoda	82	Insecta	127	Diptera	1717	Drosophilidae	5405	Drosophilinae	104261	Zaprionus	104265	Zaprionus indianus	 	 	Student	 	 	Mohamed Noor	2018-07-01	Adult	 	S	 	::meta:{"specimen":["Brennan Simon"],"image":["Brennan Simon"],"trace_run_site":["Generic Commercial Lab"],"trace_upload":["Brennan Simon"],"sequencing_run_site":["Generic Commercial Lab"],"sequence_upload":["Brennan Simon"]}::endMeta:	36.0234	-78.9759	 	 	United States	North Carolina	 	 	3478896	http://v3.boldsystems.org/pics/SDP809/WD4_Fly2_Mag2_Exp1+1550085280.JPG	CreativeCommons - Attribution Share-Alike	11043365|11043364	http://trace.boldsystems.org/traceIO/bold.org/12862259|http://trace.boldsystems.org/traceIO/bold.org/12862258	2019-02-08 17:50:48|2019-02-08 17:50:48	Generic Commercial Labs|Generic Commercial Labs	F|R	LCO1490|HCO2198	COI-5P|COI-5P
SDP809113-19	Duke.Bio203L.S19.WD1.4	9802592	 	Duke.Bio203L.S19.WD1.4	*unvouchered	BOLD:AAB6200	20	Arthropoda	82	Insecta	127	Diptera	1717	Drosophilidae	5405	Drosophilinae	104261	Zaprionus	104265	Zaprionus indianus	 	 	Student	 	 	Mohamed Noor	2018-07-01	Adult	 	S	 	::meta:{"specimen":["Kathleen Beben"],"image":["Kathleen Beben"],"trace_run_site":["Generic Commercial Lab"],"trace_upload":["Kathleen Beben"],"sequencing_run_site":["Generic Commercial Lab"],"sequence_upload":["Kathleen Beben"]}::endMeta:	36.0234	-78.9759	 	 	United States	North Carolina	Durham	 	3478924	http://v3.boldsystems.org/pics/SDP809/WD1_Fly4_Mag2Crop+1550086282.JPG	CreativeCommons - Attribution Share-Alike	11043524|11043523	http://trace.boldsystems.org/traceIO/bold.org/12862418|http://trace.boldsystems.org/traceIO/bold.org/12862417	2019-02-08 17:50:48|2019-02-08 17:50:48	Generic Commercial Labs|Generic Commercial Labs	F|R	LCO1490|HCO2198	COI-5P|COI-5P
SDP809180-19	Duke.Bio203L.S19.RB2.3	9805019	 	Duke.Bio203L.S19.RB2.3	*unvouchered	BOLD:AAB6200	20	Arthropoda	82	Insecta	127	Diptera	1717	Drosophilidae	5405	Drosophilinae	104261	Zaprionus	104265	Zaprionus indianus	 	 	Student	 	 	Mohamed Noor	2018-07-01	Adult	 	S	 	::meta:{"specimen":["Juan Jaramillo-Chico"],"image":["Juan Jaramillo-Chico"],"trace_run_site":["Generic Commercial Lab"],"trace_upload":["Juan Jaramillo-Chico"],"sequencing_run_site":["Generic Commercial Lab"],"sequence_upload":["Juan Jaramillo-Chico"]}::endMeta:	36.023	-78.975	 	 	United States	North Carolina	Durham	 	3479643	http://v3.boldsystems.org/pics/SDP809/RB2_fly3+1550172648.JPG	CreativeCommons - Attribution Share-Alike	11045030|11045029	http://trace.boldsystems.org/traceIO/bold.org/12863924|http://trace.boldsystems.org/traceIO/bold.org/12863923	2019-02-09 06:49:04|2019-02-09 04:49:48	Generic Commercial Labs|Generic Commercial Labs	R|F	HCO2198|LCO1490	COI-5P|COI-5P
SDP809252-19	Duke.Bio203L.S19.RA3.2A	10281003	 	Duke.Bio203L.S19.RA3.2A	*unvouchered	BOLD:AAB6200	20	Arthropoda	82	Insecta	127	Diptera	1717	Drosophilidae	5405	Drosophilinae	104261	Zaprionus	104265	Zaprionus indianus	 	 	Student	 	 	Mohamed Noor	2018-07-01	Adult	 	S	 	::meta:{"specimen":["Madeleine Yancy"],"image":["Madeleine Yancy"],"trace_run_site":["Generic Commercial Lab"],"trace_upload":["Madeleine Yancy"],"sequencing_run_site":["Generic Commercial Lab"],"sequence_upload":["Madeleine Yancy"]}::endMeta:	36.023	-78.975	 	 	United States	North Carolina	 	 	3539767	http://v3.boldsystems.org/pics/SDP809/RA3-Fly2+1557061719.JPG	CreativeCommons - Attribution Share-Alike	11143090|11143089	http://trace.boldsystems.org/traceIO/bold.org/12962039|http://trace.boldsystems.org/traceIO/bold.org/12962038	2019-03-05 10:02:52|2019-03-05 10:02:52	Generic Commercial Labs|Generic Commercial Labs	R|F	HCO2198|LCO1490	COI-5P|COI-5P
SDP809270-19	Duke.Bio203L.S19.WC2.1B	10281141	 	Duke.Bio203L.S19.WC2.1B	*unvouchered	BOLD:AAB6200	20	Arthropoda	82	Insecta	127	Diptera	1717	Drosophilidae	5405	Drosophilinae	104261	Zaprionus	104265	Zaprionus indianus	 	 	Student	 	 	Mohamed Noor	2018-07-01	Adult	F	S	 	::meta:{"specimen":["John Parkerson"],"image":["John Parkerson"],"trace_run_site":["Generic Commercial Lab"],"trace_upload":["John Parkerson"],"sequencing_run_site":["Generic Commercial Lab"],"sequence_upload":["John Parkerson"]}::endMeta:	36.0233	-78.9758	 	 	United States	North Carolina	 	 	3539803	http://v3.boldsystems.org/pics/SDP809/fly1WC2_edit+1557153412.jpg	CreativeCommons - Attribution Share-Alike	11143130|11143129	http://trace.boldsystems.org/traceIO/bold.org/12962079|http://trace.boldsystems.org/traceIO/bold.org/12962078	2019-03-05 10:02:52|2019-03-05 10:02:52	Generic Commercial Labs|Generic Commercial Labs	R|F	HCO2198|LCO1490	COI-5P|COI-5P
SDP902008-20	Duke.Bio203L.S20.TB1A	11269218	 	Duke.Bio203L.S20.TB1A	*unvouchered	BOLD:AAB6200	20	Arthropoda	82	Insecta	127	Diptera	1717	Drosophilidae	5405	Drosophilinae	104261	Zaprionus	104265	Zaprionus indianus	 	 	Student	 	 	Eric Spana	2019-09-12	Adult	 	S	 	::meta:{"specimen":["Anuj Som"],"image":["Anuj Som"],"trace_run_site":["Generic Commercial Lab"],"trace_upload":["Anuj Som"],"sequencing_run_site":["Generic Commercial Lab"],"sequence_upload":["Anuj Som"]}::endMeta:	36.0018	-78.8437	 	 	United States	North Carolina	Durham	Duke Biological Sciences Building	3747732	http://v3.boldsystems.org/pics/SDP902/TB1_A_headstripe+1581444405.JPG	CreativeCommons - Attribution Share-Alike	11456116|11456115	http://trace.boldsystems.org/traceIO/bold.org/13275180|http://trace.boldsystems.org/traceIO/bold.org/13275179	2020-02-07 06:26:26|2020-02-07 04:28:40	Generic Commercial Labs|Generic Commercial Labs	R|F	HCO2198|LCO1490	COI-5P|COI-5P
SDP902041-20	Duke.Bio203L.S20.TD2C	11276492	 	Duke.Bio203L.S20.TD2C	*unvouchered	BOLD:AAB6200	20	Arthropoda	82	Insecta	127	Diptera	1717	Drosophilidae	5405	Drosophilinae	104261	Zaprionus	104265	Zaprionus indianus	 	 	Student	 	 	Eric Spana	2019-09-12	Adult	 	S	 	::meta:{"specimen":["Franklin Feng"],"image":["Franklin Feng"],"trace_run_site":["Generic Commercial Lab"],"trace_upload":["Franklin Feng"],"sequencing_run_site":["Generic Commercial Lab"],"sequence_upload":["Franklin Feng"]}::endMeta:	36.0018	-78.9437	 	 	United States	North Carolina	Durham	 	3747757	http://v3.boldsystems.org/pics/SDP902/Duke.Bio203L.S20.TD2C+1581445607.jpg	CreativeCommons - Attribution Share-Alike	11456162|11456161	http://trace.boldsystems.org/traceIO/bold.org/13275226|http://trace.boldsystems.org/traceIO/bold.org/13275225	2020-02-07 06:26:26|2020-02-07 04:28:40	Generic Commercial Labs|Generic Commercial Labs	R|F	HCO2198|LCO1490	COI-5P|COI-5P
SDP902050-20	Duke.Bio203L.S20.WA3A	11279341	 	Duke.Bio203L.S20.WA3A	*unvouchered	BOLD:AAB6200	20	Arthropoda	82	Insecta	127	Diptera	1717	Drosophilidae	5405	Drosophilinae	104261	Zaprionus	104265	Zaprionus indianus	 	 	Student	 	 	Eric Spana	2019-09-13	Adult	 	S	 	::meta:{"specimen":["Brynn Meyercord"],"image":["Brynn Meyercord"],"trace_run_site":["Generic Commercial Lab"],"trace_upload":["Brynn Meyercord"],"sequencing_run_site":["Generic Commercial Lab"],"sequence_upload":["Brynn Meyercord"]}::endMeta:	36.0018	-78.9437	 	 	United States	North Carolina	Durham	 	3757775	http://v3.boldsystems.org/pics/SDP902/FlyA_BOLD+1581529229.jpg	CreativeCommons - Attribution Share-Alike	11456187|11456186	http://trace.boldsystems.org/traceIO/bold.org/13275253|http://trace.boldsystems.org/traceIO/bold.org/13275252	2020-02-07 04:28:40|2020-02-07 06:26:26	Generic Commercial Labs|Generic Commercial Labs	F|R	LCO1490|HCO2198	COI-5P|COI-5P
SDP902060-20	Duke.Bio203.S20.WD3B	11280590	 	Duke.Bio203.S20.WD3B	*unvouchered	BOLD:AAB6200	20	Arthropoda	82	Insecta	127	Diptera	1717	Drosophilidae	5405	Drosophilinae	104261	Zaprionus	104265	Zaprionus indianus	 	 	Student	 	 	Eric Spana	2019-09-13	Adult	 	S	 	::meta:{"specimen":["Ray Zhang"],"image":["Ray Zhang"],"trace_run_site":["Generic Commercial Lab"],"trace_upload":["Ray Zhang"],"sequencing_run_site":["Generic Commercial Lab"],"sequence_upload":["Ray Zhang"]}::endMeta:	36.0018	-78.9437	 	 	United States	North Carolina	Durham	 	3757803	http://v3.boldsystems.org/pics/SDP902/WD3.FlyB.BOLD+1581529866.jpg	CreativeCommons - Attribution Share-Alike	11456211|11456210	http://trace.boldsystems.org/traceIO/bold.org/13275277|http://trace.boldsystems.org/traceIO/bold.org/13275276	2020-02-07 06:26:26|2020-02-07 04:28:40	Generic Commercial Labs|Generic Commercial Labs	R|F	HCO2198|LCO1490	COI-5P|COI-5P
SDP902078-20	Duke.Bio203L.S20.WB2B	11281771	 	Duke.Bio203L.S20.WB2B	*unvouchered	BOLD:AAB6200	20	Arthropoda	82	Insecta	127	Diptera	1717	Drosophilidae	5405	Drosophilinae	104261	Zaprionus	104265	Zaprionus indianus	 	 	Student	 	 	Eric Spana	2019-09-13	Adult	 	S	 	::meta:{"specimen":["Jake Heller"],"image":["Jake Heller"],"trace_run_site":["Generic Commercial Lab"],"trace_upload":["Jake Heller"],"sequencing_run_site":["Generic Commercial Lab"],"sequence_upload":["Jake Heller"]}::endMeta:	36.0018	-78.9437	 	 	United States	North Carolina	Durham	 	3757816	http://v3.boldsystems.org/pics/SDP902/WB2_FlyB+1581530182.jpg	CreativeCommons - Attribution Share-Alike	11456538|11456537	http://trace.boldsystems.org/traceIO/bold.org/13275604|http://trace.boldsystems.org/traceIO/bold.org/13275603	2020-02-07 06:26:26|2020-02-07 04:28:40	Generic Commercial Labs|Generic Commercial Labs	R|F	HCO2198|LCO1490	COI-5P|COI-5P
SDP902079-20	Duke.Bio203L.S20.WC2C	11282659	 	Duke.Bio203L.S20.WC2C	*unvouchered	BOLD:AAB6200	20	Arthropoda	82	Insecta	127	Diptera	1717	Drosophilidae	5405	Drosophilinae	104261	Zaprionus	104265	Zaprionus indianus	 	 	Student	 	 	Eric Spana	2019-09-13	Adult	 	S	 	::meta:{"specimen":["Celine Wei"],"image":["Celine Wei"],"trace_run_site":["Generic Commercial Lab"],"trace_upload":["Celine Wei"],"sequencing_run_site":["Generic Commercial Lab"],"sequence_upload":["Celine Wei"]}::endMeta:	36.0018	-78.9437	 	 	United States	North Carolina	Durham	 	3757818	http://v3.boldsystems.org/pics/SDP902/WC2flyC+1581530198.jpg	CreativeCommons - Attribution Share-Alike	11456437|11456436	http://trace.boldsystems.org/traceIO/bold.org/13275503|http://trace.boldsystems.org/traceIO/bold.org/13275501	2020-02-07 06:26:26|2020-02-07 04:28:40	Generic Commercial Labs|Generic Commercial Labs	R|F	HCO2198|LCO1490	COI-5P|COI-5P
SDP902138-20	Duke.Bio203L.S20.PA2A	11287099	 	Duke.Bio203L.S20.PA2A	*unvouchered	BOLD:AAB6200	20	Arthropoda	82	Insecta	127	Diptera	1717	Drosophilidae	5405	Drosophilinae	104261	Zaprionus	104265	Zaprionus indianus	 	 	Student	 	 	Eric Spana	2019-09-25	Adult	 	S	 	::meta:{"specimen":["Elora Pradhan"],"image":["Elora Pradhan"],"trace_run_site":["Generic Commercial Lab"],"trace_upload":["Elora Pradhan"],"sequencing_run_site":["Generic Commercial Lab"],"sequence_upload":["Elora Pradhan"]}::endMeta:	36.0018	-78.9437	 	 	United States	North Carolina	Durham	 	3776928	http://v3.boldsystems.org/pics/SDP902/PA2.FlyA.cropped+1581614996.jpg	CreativeCommons - Attribution Share-Alike	11459948|11459947	http://trace.boldsystems.org/traceIO/bold.org/13279022|http://trace.boldsystems.org/traceIO/bold.org/13279021	2020-02-08 01:27:21|2020-02-08 02:19:54	Generic Commercial Labs|Generic Commercial Labs	R|F	HCO2198|LCO1490	COI-5P|COI-5P
SDP902154-20	Duke.Bio203L.S20.PB1B	11287129	 	Duke.Bio203L.S20.PB1B	*unvouchered	BOLD:AAB6200	20	Arthropoda	82	Insecta	127	Diptera	1717	Drosophilidae	5405	Drosophilinae	104261	Zaprionus	104265	Zaprionus indianus	 	 	Student	 	 	Eric Spana	2019-09-25	Adult	 	S	 	::meta:{"specimen":["Leah Shaw"],"image":["Leah Shaw"],"trace_run_site":["Generic Commercial Lab"],"trace_upload":["Leah Shaw"],"sequencing_run_site":["Generic Commercial Lab"],"sequence_upload":["Leah Shaw"]}::endMeta:	36.0018	-78.9437	 	 	United States	North Carolina	Durham	 	3776942	http://v3.boldsystems.org/pics/SDP902/Fly_B_Image_BOLD+1581615741.JPG	CreativeCommons - Attribution Share-Alike	11459976|11459975	http://trace.boldsystems.org/traceIO/bold.org/13279050|http://trace.boldsystems.org/traceIO/bold.org/13279049	2020-02-08 01:27:21|2020-02-08 02:19:54	Generic Commercial Labs|Generic Commercial Labs	R|F	HCO2198|LCO1490	COI-5P|COI-5P
SDP902158-20	Duke.Bio203L.S20.PB2B	11287133	 	Duke.Bio203L.S20.PB2B	*unvouchered	BOLD:AAB6200	20	Arthropoda	82	Insecta	127	Diptera	1717	Drosophilidae	5405	Drosophilinae	104261	Zaprionus	104265	Zaprionus indianus	 	 	Student	 	 	Eric Spana	2019-09-25	Adult	 	S	 	::meta:{"specimen":["Cammie Myers"],"image":["Cammie Myers"],"trace_run_site":["Generic Commercial Lab"],"trace_upload":["Cammie Myers"],"sequencing_run_site":["Generic Commercial Lab"],"sequence_upload":["Cammie Myers"]}::endMeta:	36.0018	-78.9437	 	 	United States	North Carolina	Durham	 	3776958	http://v3.boldsystems.org/pics/SDP902/fly_B_pic+1581616118.jpg	CreativeCommons - Attribution Share-Alike	11460008|11460007	http://trace.boldsystems.org/traceIO/bold.org/13279084|http://trace.boldsystems.org/traceIO/bold.org/13279083	2020-02-08 02:19:54|2020-02-08 01:27:21	Generic Commercial Labs|Generic Commercial Labs	F|R	LCO1490|HCO2198	COI-5P|COI-5P
SDP902160-20	Duke.Bio203L.S20.PD2B	11287135	 	Duke.Bio203L.S20.PD2B	*unvouchered	BOLD:AAB6200	20	Arthropoda	82	Insecta	127	Diptera	1717	Drosophilidae	5405	Drosophilinae	104261	Zaprionus	104265	Zaprionus indianus	 	 	Student	 	 	Eric Spana	2019-09-25	Adult	 	S	 	::meta:{"specimen":["Christina Boxberger"],"image":["Christina Boxberger"],"trace_run_site":["Generic Commercial Lab"],"trace_upload":["Christina Boxberger"],"sequencing_run_site":["Generic Commercial Lab"],"sequence_upload":["Christina Boxberger"]}::endMeta:	36.0018	-78.9437	 	 	United States	North Carolina	Durham	 	3776944	http://v3.boldsystems.org/pics/SDP902/PD2.FlyB.copy.bold+1581615808.jpg	CreativeCommons - Attribution Share-Alike	11459980|11459979	http://trace.boldsystems.org/traceIO/bold.org/13279054|http://trace.boldsystems.org/traceIO/bold.org/13279053	2020-02-08 02:19:54|2020-02-08 01:27:21	Generic Commercial Labs|Generic Commercial Labs	F|R	LCO1490|HCO2198	COI-5P|COI-5P
SDP902177-20	Duke.Bio203L.S20.PD1C	11287174	 	Duke.Bio203L.S20.PD1C	*unvouchered	BOLD:AAB6200	20	Arthropoda	82	Insecta	127	Diptera	1717	Drosophilidae	5405	Drosophilinae	104261	Zaprionus	104265	Zaprionus indianus	 	 	Student	 	 	Eric Spana	2019-09-25	Adult	 	S	 	::meta:{"specimen":["Alexus Roberts"],"image":["Alexus Roberts"],"trace_run_site":["Generic Commercial Lab"],"trace_upload":["Alexus Roberts"],"sequencing_run_site":["Generic Commercial Lab"],"sequence_upload":["Alexus Roberts"]}::endMeta:	36.0018	-78.9437	 	 	United States	North Carolina	Durham	 	3776964	http://v3.boldsystems.org/pics/SDP902/PD1.FlyC.BOLD+1581616346.jpg	CreativeCommons - Attribution Share-Alike	11460022|11460021	http://trace.boldsystems.org/traceIO/bold.org/13279098|http://trace.boldsystems.org/traceIO/bold.org/13279097	2020-02-08 02:19:54|2020-02-08 01:27:21	Generic Commercial Labs|Generic Commercial Labs	F|R	LCO1490|HCO2198	COI-5P|COI-5P
SDP902183-20	Duke.Bio203L.S20.FA2A	11288952	 	Duke.Bio203L.S20.FA2A	*unvouchered	BOLD:AAB6200	20	Arthropoda	82	Insecta	127	Diptera	1717	Drosophilidae	5405	Drosophilinae	104261	Zaprionus	104265	Zaprionus indianus	 	 	Student	 	 	Eric Spana	2019-10-03	Adult	 	S	 	::meta:{"specimen":["Samantha Lowe"],"image":["Samantha Lowe"],"trace_run_site":["Generic Commercial Lab"],"trace_upload":["Samantha Lowe"],"sequencing_run_site":["Generic Commercial Lab"],"sequence_upload":["Samantha Lowe"]}::endMeta:	36.0018	-78.9437	 	 	United States	North Carolina	Durham	 	3778362	http://v3.boldsystems.org/pics/SDP902/FA2_FlyA_BOLD+1581701318.jpg	CreativeCommons - Attribution Share-Alike	11461661|11461660	http://trace.boldsystems.org/traceIO/bold.org/13280737|http://trace.boldsystems.org/traceIO/bold.org/13280736	2020-02-10 22:13:08|2020-02-10 22:13:08	Generic Commercial Labs|Generic Commercial Labs	F|R	LCO1490|HCO2198	COI-5P|COI-5P
SDP902196-20	Duke.Bio203L.S20.FA4C	11288965	 	Duke.Bio203L.S20.FA4C	*unvouchered	BOLD:AAB6200	20	Arthropoda	82	Insecta	127	Diptera	1717	Drosophilidae	5405	Drosophilinae	104261	Zaprionus	104265	Zaprionus indianus	 	 	Student	 	 	Eric Spana	2019-03-10	Adult	 	S	 	::meta:{"specimen":["Emily Duerr"],"image":["Emily Duerr"],"trace_run_site":["Generic Commercial Lab"],"trace_upload":["Emily Duerr"],"sequencing_run_site":["Generic Commercial Lab"],"sequence_upload":["Emily Duerr"]}::endMeta:	36.0018	-78.9437	 	 	United States	North Carolina	Durham	 	3778368	http://v3.boldsystems.org/pics/SDP902/FA4.flyC+1581701369.JPG	CreativeCommons - Attribution Share-Alike	11461675|11461674	http://trace.boldsystems.org/traceIO/bold.org/13280751|http://trace.boldsystems.org/traceIO/bold.org/13280750	2020-02-10 22:13:08|2020-02-10 22:13:08	Generic Commercial Labs|Generic Commercial Labs	R|F	HCO2198|LCO1490	COI-5P|COI-5P
SDP902211-20	Duke.Bio203L.S20.FD4B	11289002	 	Duke.Bio203L.S20.FD4B	*unvouchered	BOLD:AAB6200	20	Arthropoda	82	Insecta	127	Diptera	1717	Drosophilidae	5405	Drosophilinae	104261	Zaprionus	104265	Zaprionus indianus	 	 	Student	 	 	Eric Spana	2019-10-03	Adult	 	S	 	::meta:{"specimen":["Haseeb Chaudhry"],"image":["Haseeb Chaudhry"],"trace_run_site":["Generic Commercial Lab"],"trace_upload":["Haseeb Chaudhry"],"sequencing_run_site":["Generic Commercial Lab"],"sequence_upload":["Haseeb Chaudhry"]}::endMeta:	36.0018	-78.9437	 	 	United States	North Carolina	 	 	3778391	http://v3.boldsystems.org/pics/SDP902/FD4.flyB1_[2]+1581702228.JPG	CreativeCommons - Attribution Share-Alike	11461720|11461719	http://trace.boldsystems.org/traceIO/bold.org/13280796|http://trace.boldsystems.org/traceIO/bold.org/13280795	2020-02-10 22:13:08|2020-02-10 22:13:08	Generic Commercial Labs|Generic Commercial Labs	R|F	HCO2198|LCO1490	COI-5P|COI-5P
SDP902222-20	Duke.Bio203L.S20.FD1C	11289025	 	Duke.Bio203L.S20.FD1C	*unvouchered	BOLD:AAB6200	20	Arthropoda	82	Insecta	127	Diptera	1717	Drosophilidae	5405	Drosophilinae	104261	Zaprionus	104265	Zaprionus indianus	 	 	Student	 	 	Eric Spana	2019-10-03	Adult	 	S	 	::meta:{"specimen":["Peter Nam"],"image":["Peter Nam"],"trace_run_site":["Generic Commercial Lab"],"trace_upload":["Peter Nam"],"sequencing_run_site":["Generic Commercial Lab"],"sequence_upload":["Peter Nam"]}::endMeta:	36.0018	-78.9437	 	 	United States	North Carolina	Durham	 	3778400	http://v3.boldsystems.org/pics/SDP902/flyC_copy+1581702515.jpg	CreativeCommons - Attribution Share-Alike	11461736|11461735	http://trace.boldsystems.org/traceIO/bold.org/13280812|http://trace.boldsystems.org/traceIO/bold.org/13280811	2020-02-10 22:13:08|2020-02-10 22:13:08	Generic Commercial Labs|Generic Commercial Labs	R|F	HCO2198|LCO1490	COI-5P|COI-5P
WALPA5189-13	BIOUG05162-E11	3164820	BIOUG05162-E11	 	Centre for Biodiversity Genomics	BOLD:AAV7244	20	Arthropoda	82	Insecta	113	Lepidoptera	417	Xyloryctidae	52120	Xyloryctinae	76999	Xylorycta	365565	Xylorycta cosmopis	 	 	Paul Hebert	Vouchered:Registered Collection	 	P.M. Heath	2004-12-01	A	 	S	 	Light trap, collected December 2004, no day specified	-32.066	115.852	 	 	Australia	Western Australia	Perth Metro	Beckley Bushland Cnr South St & Kwinana Freeway Le	1955092	http://v3.boldsystems.org/pics/WALPA/IMG_5530+1365084508.jpg	CreativeCommons - Attribution	5982197|5982150|5982103|5982056|5196164|5196069	http://trace.boldsystems.org/traceIO/bold.org/7828824|http://trace.boldsystems.org/traceIO/bold.org/7828777|http://trace.boldsystems.org/traceIO/bold.org/7828730|http://trace.boldsystems.org/traceIO/bold.org/7828683|http://trace.boldsystems.org/traceIO/bold.org/7042766|http://trace.boldsystems.org/traceIO/bold.org/7042671	2013-11-27 15:24:14|2013-11-27 17:06:25|2013-11-27 16:48:08|2013-11-27 12:16:52|2013-05-03 02:40:40|2013-04-30 21:02:42	Centre for Biodiversity Genomics|Centre for Biodiversity Genomics|Centre for Biodiversity Genomics|Centre for Biodiversity Genomics|Centre for Biodiversity Genomics|Centre for Biodiversity Genomics	R|F|R|F|R|R	LepR1|MLepF1|MLepR2|LepF1|LepR1|LepR1	COI-5P|COI-5P|COI-5P|COI-5P|COI-5P|COI-5P
WALPA5570-13	BIOUG06106-F09	3357108	BIOUG06106-F09	 	Centre for Biodiversity Genomics	BOLD:AAV7244	20	Arthropoda	82	Insecta	113	Lepidoptera	417	Xyloryctidae	52120	Xyloryctinae	76999	Xylorycta	365565	Xylorycta cosmopis	 	 	Paul Hebert	Vouchered:Registered Collection	 	P.M. Heath	2006-01-01	A	 	S	 	Light trap, collected January 2006, no day specified	-32.766	116.19	 	 	Australia	Western Australia	Perth Region	Dwellingup, Amphion Forest Block	2050730	http://v3.boldsystems.org/pics/WALPA/BIOUG06106-F09+1370545942.JPG	CreativeCommons - Attribution	5322377	http://trace.boldsystems.org/traceIO/bold.org/7168983	2013-06-25 12:16:28	Centre for Biodiversity Genomics	R	LepR1	COI-5P
WALPC2963-15	BIOUG18804-B04	5457240	BIOUG18804-B04	 	Centre for Biodiversity Genomics	BOLD:AAV7244	20	Arthropoda	82	Insecta	113	Lepidoptera	417	Xyloryctidae	52120	Xyloryctinae	76999	Xylorycta	365565	Xylorycta cosmopis	 	 	Jeremy deWaard	Vouchered:Registered Collection	 	P.M.Heath	2014-02-01	A	 	S	 	Collected February 2014, no day specified	-32.086	115.831	 	 	Australia	Western Australia	 	Perth, Hope Rd., Cockburn Wetland Educ. Center	2536356	http://v3.boldsystems.org/pics/WALPC/BIOUG18804-B04+1423078980.JPG	CreativeCommons - Attribution	7583548	http://trace.boldsystems.org/traceIO/bold.org/9407327	2015-03-11 21:27:56	Centre for Biodiversity Genomics	R	LepR1	COI-5P
WALPC325-14	BIOUG16873-D04	5209265	BIOUG16873-D04	 	Centre for Biodiversity Genomics	BOLD:AAV7244	20	Arthropoda	82	Insecta	113	Lepidoptera	417	Xyloryctidae	52120	Xyloryctinae	76999	Xylorycta	365565	Xylorycta cosmopis	 	 	Paul Hebert	Vouchered:Registered Collection	 	P.M. Heath	2013-03-01	A	 	 	 	 	-32.3007	116.201	GPS	 	Australia	Western Australia	 	Perth, Gleneagle Forest	2474300	http://v3.boldsystems.org/pics/WALPC/BIOUG16873-D04+1415925660.JPG	CreativeCommons - Attribution	7292229	http://trace.boldsystems.org/traceIO/bold.org/9117677	2014-12-04 07:14:46	Centre for Biodiversity Genomics	R	LepR1	COI-5P
SDP809071-19	Duke.Bio203L.S19.WA4.1	9802511	 	Duke.Bio203L.S19.WA4.1	*unvouchered	BOLD:AAB6200	20	Arthropoda	82	Insecta	127	Diptera	1717	Drosophilidae	5405	Drosophilinae	104261	Zaprionus	104265	Zaprionus indianus	 	 	Student	 	 	Mohamed Noor	2018-07-01	Adult	 	 	 	::meta:{"specimen":["Herleen Kaur"],"image":["Herleen Kaur"],"trace_run_site":["Generic Commercial Lab"],"trace_upload":["Herleen Kaur"],"sequencing_run_site":["Generic Commercial Lab"],"sequence_upload":["Herleen Kaur"]}::endMeta:	36.0234	-78.9759	 	 	United States	North Carolina	Durham	 	3478885	http://v3.boldsystems.org/pics/SDP809/WA4_F1+1550084889.JPG	CreativeCommons - Attribution Share-Alike	11043248|11043247	http://trace.boldsystems.org/traceIO/bold.org/12862142|http://trace.boldsystems.org/traceIO/bold.org/12862141	2019-02-08 16:37:09|2019-02-08 14:38:06	Generic Commercial Labs|Generic Commercial Labs	R|F	HCO2198|LCO1490	COI-5P|COI-5P
SDP809101-19	Duke.Bio203L.S19.WA3.2	9802566	 	Duke.Bio203L.S19.WA3.2	*unvouchered	BOLD:AAB6200	20	Arthropoda	82	Insecta	127	Diptera	1717	Drosophilidae	5405	Drosophilinae	104261	Zaprionus	104265	Zaprionus indianus	 	 	Student	 	 	Mohamed Noor	2018-07-01	Adult	 	 	 	::meta:{"specimen":["Jenny Wu"],"image":["Jenny Wu"],"trace_run_site":["Generic Commercial Lab"],"trace_upload":["Jenny Wu"],"sequencing_run_site":["Generic Commercial Lab"],"sequence_upload":["Jenny Wu"]}::endMeta:	36.0234	-78.9759	 	 	United States	North Carolina	Durham	 	3478913	http://v3.boldsystems.org/pics/SDP809/WA3_F2+1550085942.JPG	CreativeCommons - Attribution Share-Alike	11043496|11043495	http://trace.boldsystems.org/traceIO/bold.org/12862390|http://trace.boldsystems.org/traceIO/bold.org/12862389	2019-02-08 14:38:06|2019-02-08 16:37:09	Generic Commercial Labs|Generic Commercial Labs	F|R	LCO1490|HCO2198	COI-5P|COI-5P
SDP809162-19	Duke.Bio203L.S19.RB2.2	9804955	 	Duke.Bio203L.S19.RB2.2	*unvouchered	BOLD:AAB6200	20	Arthropoda	82	Insecta	127	Diptera	1717	Drosophilidae	5405	Drosophilinae	104261	Zaprionus	104265	Zaprionus indianus	 	 	Student	 	 	Mohamed Noor	2018-07-01	Adult	 	S	 	::meta:{"specimen":["Juan Jaramillo-Chico"],"image":["Juan Jaramillo-Chico"],"trace_run_site":["Generic Commercial Lab"],"trace_upload":["Juan Jaramillo-Chico"],"sequencing_run_site":["Generic Commercial Lab"],"sequence_upload":["Juan Jaramillo-Chico"]}::endMeta:	36.023	-78.975	 	 	United States	North Carolina	Durham	 	3479626	http://v3.boldsystems.org/pics/SDP809/RB2_fly2+1550171903.JPG	CreativeCommons - Attribution Share-Alike	11045006|11045005	http://trace.boldsystems.org/traceIO/bold.org/12863900|http://trace.boldsystems.org/traceIO/bold.org/12863899	2019-02-09 06:49:04|2019-02-09 04:49:48	Generic Commercial Labs|Generic Commercial Labs	R|F	HCO2198|LCO1490	COI-5P|COI-5P
SDP809195-19	Duke.Bio203L.S19.FB4.2	9841560	 	Duke.Bio203L.S19.FB4.2	*unvouchered	BOLD:AAB6200	20	Arthropoda	82	Insecta	127	Diptera	1717	Drosophilidae	5405	Drosophilinae	104261	Zaprionus	104265	Zaprionus indianus	 	 	Student	 	 	Mohamed Noor	2018-07-01	Adult	 	S	 	::meta:{"specimen":["Emily Dean"],"image":["Emily Dean"],"trace_run_site":["Generic Commercial Lab"],"trace_upload":["Emily Dean"],"sequencing_run_site":["Generic Commercial Lab"],"sequence_upload":["Emily Dean"]}::endMeta:	36.023	-78.975	 	 	United States	North Carolina	 	 	3480927	http://v3.boldsystems.org/pics/SDP809/DeanEmilyFB4Fly2+1550256927.jpg	CreativeCommons - Attribution Share-Alike	11046262|11046261	http://trace.boldsystems.org/traceIO/bold.org/12865156|http://trace.boldsystems.org/traceIO/bold.org/12865155	2019-02-09 06:49:04|2019-02-09 04:49:48	Generic Commercial Labs|Generic Commercial Labs	R|F	HCO2198|LCO1490	COI-5P|COI-5P
SDP809233-19	Duke.Bio203L.S19.FB1.4	9842585	 	Duke.Bio203L.S19.FB1.4	*unvouchered	BOLD:AAB6200	20	Arthropoda	82	Insecta	127	Diptera	1717	Drosophilidae	5405	Drosophilinae	104261	Zaprionus	104265	Zaprionus indianus	 	 	Student	 	 	Mohamed Noor	2018-07-01	Adult	 	S	 	::meta:{"specimen":["Sophie Hanson"],"image":["Sophie Hanson"],"trace_run_site":["Generic Commercial Lab"],"trace_upload":["Sophie Hanson"],"sequencing_run_site":["Generic Commercial Lab"],"sequence_upload":["Sophie Hanson"]}::endMeta:	36.0234	-78.9759	 	 	United States	North Carolina	Durham	 	3480960	http://v3.boldsystems.org/pics/SDP809/FB1_Fly4+1550258341.JPG	CreativeCommons - Attribution Share-Alike	11046710|11046709	http://trace.boldsystems.org/traceIO/bold.org/12865604|http://trace.boldsystems.org/traceIO/bold.org/12865603	2019-02-09 06:49:04|2019-02-09 04:49:48	Generic Commercial Labs|Generic Commercial Labs	R|F	HCO2198|LCO1490	COI-5P|COI-5P
SDP902019-20	Duke.Bio203.S20.TB4A	11276135	 	Duke.Bio203.S20.TB4A	*unvouchered	BOLD:AAB6200	20	Arthropoda	82	Insecta	127	Diptera	1717	Drosophilidae	5405	Drosophilinae	104261	Zaprionus	104265	Zaprionus indianus	 	 	Student	 	 	Eric Spana	2019-12-09	Adult	 	S	 	::meta:{"specimen":["Stephanie Holmer"],"image":["Stephanie Holmer"],"trace_run_site":["Generic Commercial Lab"],"trace_upload":["Stephanie Holmer"],"sequencing_run_site":["Generic Commercial Lab"],"sequence_upload":["Stephanie Holmer"]}::endMeta:	36.0018	-78.9437	 	 	United States	North Carolina	Durham	 	3747742	http://v3.boldsystems.org/pics/SDP902/TB4-FlyA-BOLD+1581444929.JPG	CreativeCommons - Attribution Share-Alike	11456136|11456135	http://trace.boldsystems.org/traceIO/bold.org/13275200|http://trace.boldsystems.org/traceIO/bold.org/13275199	2020-02-07 04:28:40|2020-02-07 06:26:26	Generic Commercial Labs|Generic Commercial Labs	F|R	LCO1490|HCO2198	COI-5P|COI-5P
SDP902054-20	Duke.Bio203L.S20.WB4A	11279349	 	Duke.Bio203L.S20.WB4A	*unvouchered	BOLD:AAB6200	20	Arthropoda	82	Insecta	127	Diptera	1717	Drosophilidae	5405	Drosophilinae	104261	Zaprionus	104265	Zaprionus indianus	 	 	Student	 	 	Eric Spana	2019-09-13	Adult	 	S	 	::meta:{"specimen":["Piper Boykin"],"image":["Piper Boykin"],"trace_run_site":["Generic Commercial Lab"],"trace_upload":["Piper Boykin"]}::endMeta:	36.0018	-78.9437	 	 	United States	North Carolina	Durham	 	3757785	http://v3.boldsystems.org/pics/SDP902/WB4.FlyA_Bold+1581529339.JPG	CreativeCommons - Attribution Share-Alike	11456197|11456638|11456196	http://trace.boldsystems.org/traceIO/bold.org/13277496|http://trace.boldsystems.org/traceIO/bold.org/13277495|http://trace.boldsystems.org/traceIO/bold.org/13275262	2020-02-07 04:28:40|2020-02-07 06:26:26|2020-02-07 04:28:40	Generic Commercial Labs|Generic Commercial Labs|Generic Commercial Labs	F|R|F	LCO1490|HCO2198|LCO1490	COI-5P|COI-5P|COI-5P
SDP902085-20	Duke.Bio203L.S20.WB3C	11282672	 	Duke.Bio203L.S20.WB3C	*unvouchered	BOLD:AAB6200	20	Arthropoda	82	Insecta	127	Diptera	1717	Drosophilidae	5405	Drosophilinae	104261	Zaprionus	104265	Zaprionus indianus	 	 	Student	 	 	Eric Spana	2019-09-13	Adult	 	S	 	::meta:{"specimen":["Rachel Solecki"],"image":["Rachel Solecki"],"trace_run_site":["Generic Commercial Lab"],"trace_upload":["Rachel Solecki"],"sequencing_run_site":["Generic Commercial Lab"],"sequence_upload":["Rachel Solecki"]}::endMeta:	36.0018	-78.9437	 	 	United States	North Carolina	Durham	 	3757841	http://v3.boldsystems.org/pics/SDP902/WB3_C_Bold+1581530405.jpg	CreativeCommons - Attribution Share-Alike	11456727|11456724	http://trace.boldsystems.org/traceIO/bold.org/13275793|http://trace.boldsystems.org/traceIO/bold.org/13275790	2020-02-07 06:26:26|2020-02-07 04:28:40	Generic Commercial Labs|Generic Commercial Labs	R|F	HCO2198|LCO1490	COI-5P|COI-5P
SDP902106-20	Duke.Bio203L.AC3C	11285721	 	Duke.Bio203L.AC3C	*unvouchered	BOLD:AAB6200	20	Arthropoda	82	Insecta	127	Diptera	1717	Drosophilidae	5405	Drosophilinae	104261	Zaprionus	104265	Zaprionus indianus	 	 	Student	 	 	Eric Spana	2019-09-25	Adult	F	S	 	::meta:{"specimen":["Bryan Yam"],"image":["Bryan Yam"],"trace_run_site":["Generic Commercial Lab"],"trace_upload":["Bryan Yam"],"sequencing_run_site":["Generic Commercial Lab"],"sequence_upload":["Bryan Yam"]}::endMeta:	36.0018	-78.9437	 	 	United States	North Carolina	Durham	 	3766963	http://v3.boldsystems.org/pics/SDP902/AC3.FlyC.202301+1581601297.JPG	CreativeCommons - Attribution Share-Alike	11458488|11458487	http://trace.boldsystems.org/traceIO/bold.org/13277560|http://trace.boldsystems.org/traceIO/bold.org/13277559	2020-02-08 02:19:54|2020-02-08 01:27:21	Generic Commercial Labs|Generic Commercial Labs	F|R	LCO1490|HCO2198	COI-5P|COI-5P
SDP902114-20	Duke.Bio203L.S20.AA2B	11285738	 	Duke.Bio203L.S20.AA2B	*unvouchered	BOLD:AAB6200	20	Arthropoda	82	Insecta	127	Diptera	1717	Drosophilidae	5405	Drosophilinae	104261	Zaprionus	104265	Zaprionus indianus	 	 	Student	 	 	Eric Spana	2019-09-25	Adult	 	 	 	::meta:{"specimen":["Laila Edelman"],"image":["Laila Edelman"],"trace_run_site":["Generic Commercial Lab"],"trace_upload":["Laila Edelman"],"sequencing_run_site":["Generic Commercial Lab"],"sequence_upload":["Laila Edelman"]}::endMeta:	36.0018	-78.9437	 	 	United States	North Carolina	Durham	 	3766682	http://v3.boldsystems.org/pics/SDP902/AA2.FlyB.cropped+1581601088.JPG	CreativeCommons - Attribution Share-Alike	11458454|11458453	http://trace.boldsystems.org/traceIO/bold.org/13277526|http://trace.boldsystems.org/traceIO/bold.org/13277525	2020-02-08 02:19:54|2020-02-08 02:19:54	Generic Commercial Labs|Generic Commercial Labs	R|F	HCO2198|LCO1490	COI-5P|COI-5P
SDP902156-20	Duke.Bio203L.S20.PA4B	11287131	 	Duke.Bio203L.S20.PA4B	*unvouchered	BOLD:AAB6200	20	Arthropoda	82	Insecta	127	Diptera	1717	Drosophilidae	5405	Drosophilinae	104261	Zaprionus	104265	Zaprionus indianus	 	 	Student	 	 	Eric Spana	2019-09-25	Adult	 	 	 	::meta:{"specimen":["Larry Zheng"],"image":["Larry Zheng"],"trace_run_site":["Generic Commercial Lab"],"trace_upload":["Larry Zheng"],"sequencing_run_site":["Generic Commercial Lab"],"sequence_upload":["Larry Zheng"]}::endMeta:	36.0018	-78.9437	 	 	United States	North Carolina	Durham	 	3776941	http://v3.boldsystems.org/pics/SDP902/PA4.flyB_cropped+1581615736.jpg	CreativeCommons - Attribution Share-Alike	11459974|11459973	http://trace.boldsystems.org/traceIO/bold.org/13279048|http://trace.boldsystems.org/traceIO/bold.org/13279047	2020-02-08 02:19:54|2020-02-08 01:27:21	Generic Commercial Labs|Generic Commercial Labs	F|R	LCO1490|HCO2198	COI-5P|COI-5P
SDP902165-20	Duke.Bio203L.S20.PC2C	11287146	 	Duke.Bio203L.S20.PC2C	*unvouchered	BOLD:AAB6200	20	Arthropoda	82	Insecta	127	Diptera	1717	Drosophilidae	5405	Drosophilinae	104261	Zaprionus	104265	Zaprionus indianus	 	 	Student	 	 	Eric Spana	2019-09-25	Adult	 	S	 	::meta:{"specimen":["Christian Chitty"],"image":["Christian Chitty"],"trace_run_site":["Generic Commercial Lab"],"trace_upload":["Christian Chitty"],"sequencing_run_site":["Generic Commercial Lab"],"sequence_upload":["Christian Chitty"]}::endMeta:	36.0018	-78.9437	 	 	United States	North Carolina	Durham	 	3776951	http://v3.boldsystems.org/pics/SDP902/PC2.FlyC_BOLD+1581615920.jpg	CreativeCommons - Attribution Share-Alike	11459988|11459987	http://trace.boldsystems.org/traceIO/bold.org/13279062|http://trace.boldsystems.org/traceIO/bold.org/13279061	2020-02-08 02:19:54|2020-02-08 01:27:21	Generic Commercial Labs|Generic Commercial Labs	F|R	LCO1490|HCO2198	COI-5P|COI-5P
SDP902205-20	Duke.Bio203L.S20.FB1B	11288995	 	Duke.Bio203L.S20.FB1B	*unvouchered	BOLD:AAB6200	20	Arthropoda	82	Insecta	127	Diptera	1717	Drosophilidae	5405	Drosophilinae	104261	Zaprionus	104265	Zaprionus indianus	 	 	Student	 	 	Eric Spana	2019-03-10	Adult	 	S	 	::meta:{"specimen":["Talya Jeter"],"image":["Talya Jeter"],"trace_run_site":["Generic Commercial Lab"],"trace_upload":["Talya Jeter"],"sequencing_run_site":["Generic Commercial Lab"],"sequence_upload":["Talya Jeter"]}::endMeta:	36.0018	-78.9437	 	 	United States	North Carolina	 	 	3778382	http://v3.boldsystems.org/pics/SDP902/FB1._Beta_BOLD+1581702076.JPG	CreativeCommons - Attribution Share-Alike	11461698|11461697	http://trace.boldsystems.org/traceIO/bold.org/13280774|http://trace.boldsystems.org/traceIO/bold.org/13280773	2020-02-10 22:13:08|2020-02-10 22:13:08	Generic Commercial Labs|Generic Commercial Labs	R|F	HCO2198|LCO1490	COI-5P|COI-5P
SDP902209-20	Duke.Bio203L.S20.FC3B	11289000	 	Duke.Bio203L.S20.FC3B	*unvouchered	BOLD:AAB6200	20	Arthropoda	82	Insecta	127	Diptera	1717	Drosophilidae	5405	Drosophilinae	104261	Zaprionus	104265	Zaprionus indianus	 	 	Student	 	 	Eric Spana	2019-10-03	Adult	 	S	 	::meta:{"specimen":["Jeffrey Zhang"],"image":["Jeffrey Zhang"],"trace_run_site":["Generic Commercial Lab"],"trace_upload":["Jeffrey Zhang"],"sequencing_run_site":["Generic Commercial Lab"],"sequence_upload":["Jeffrey Zhang"]}::endMeta:	36.0018	-78.9437	 	 	United States	North Carolina	Durham	 	3778388	http://v3.boldsystems.org/pics/SDP902/FC3_Fly_B,_Fly_only+1581702115.jpg	CreativeCommons - Attribution Share-Alike	11461708|11461707	http://trace.boldsystems.org/traceIO/bold.org/13280784|http://trace.boldsystems.org/traceIO/bold.org/13280783	2020-02-10 22:13:08|2020-02-10 22:13:08	Generic Commercial Labs|Generic Commercial Labs	R|F	HCO2198|LCO1490	COI-5P|COI-5P
WALPA2785-12	BIOUG04511-C06	3039518	BIOUG04511-C06	 	Centre for Biodiversity Genomics	BOLD:AAV7244	20	Arthropoda	82	Insecta	113	Lepidoptera	417	Xyloryctidae	52120	Xyloryctinae	76999	Xylorycta	365565	Xylorycta cosmopis	 	 	 	 	 	P.M. Heath	2009-11-01	A	 	S	 	light trap, collected Nov 2009, no day specified	-34.328	118.741	 	 	Australia	Western Australia	Great Southern	Boxwood Hill, Chingarrup Sanctuary	1891427	http://v3.boldsystems.org/pics/WALPA/BIOUG04511-C06+1359660100.JPG	CreativeCommons - Attribution	9757448	http://trace.boldsystems.org/traceIO/bold.org/11576219	2013-03-22 15:09:01	Centre for Biodiversity Genomics	R	LepR1	COI-5P
WALPA2945-12	BIOUG04512-H11	3041010	BIOUG04512-H11	 	Centre for Biodiversity Genomics	BOLD:AAV7244	20	Arthropoda	82	Insecta	113	Lepidoptera	417	Xyloryctidae	52120	Xyloryctinae	76999	Xylorycta	365565	Xylorycta cosmopis	 	 	Paul Hebert	 	 	P.M. Heath	2011-12-01	A	 	S	 	light trap, collected Dec 2011, no day specified	-32.105	115.847	 	 	Australia	Western Australia	Perth Metro	Elderberry Drive, South Lake	1889791	http://v3.boldsystems.org/pics/WALPA/BIOUG04512-H11+1359651706.JPG	CreativeCommons - Attribution	4959829	http://trace.boldsystems.org/traceIO/bold.org/6806354	2013-03-22 09:35:03	Centre for Biodiversity Genomics	R	LepR1	COI-5P
WALPA5191-13	BIOUG05162-F01	3164822	BIOUG05162-F01	 	Centre for Biodiversity Genomics	BOLD:AAV7244	20	Arthropoda	82	Insecta	113	Lepidoptera	417	Xyloryctidae	52120	Xyloryctinae	76999	Xylorycta	365565	Xylorycta cosmopis	 	 	 	Vouchered:Registered Collection	 	P.M. Heath	2004-12-01	A	 	S	 	Light trap, collected December 2004, no day specified	-32.066	115.852	 	 	Australia	Western Australia	Perth Metro	Beckley Bushland Cnr South St & Kwinana Freeway Le	1955095	http://v3.boldsystems.org/pics/WALPA/IMG_5532+1365084552.jpg	CreativeCommons - Attribution	5982199|5982152|5982105|5982058|5196166|5196071	http://trace.boldsystems.org/traceIO/bold.org/7828826|http://trace.boldsystems.org/traceIO/bold.org/7828779|http://trace.boldsystems.org/traceIO/bold.org/7828732|http://trace.boldsystems.org/traceIO/bold.org/7828685|http://trace.boldsystems.org/traceIO/bold.org/7042768|http://trace.boldsystems.org/traceIO/bold.org/7042673	2013-11-27 15:24:14|2013-11-27 17:06:25|2013-11-27 16:48:08|2013-11-27 12:16:52|2013-05-03 02:40:40|2013-04-30 21:02:42	Centre for Biodiversity Genomics|Centre for Biodiversity Genomics|Centre for Biodiversity Genomics|Centre for Biodiversity Genomics|Centre for Biodiversity Genomics|Centre for Biodiversity Genomics	R|F|R|F|R|R	LepR1|MLepF1|MLepR2|LepF1|LepR1|LepR1	COI-5P|COI-5P|COI-5P|COI-5P|COI-5P|COI-5P
WALPA5204-13	BIOUG05162-G02	3164835	BIOUG05162-G02	 	Centre for Biodiversity Genomics	BOLD:AAV7244	20	Arthropoda	82	Insecta	113	Lepidoptera	417	Xyloryctidae	52120	Xyloryctinae	76999	Xylorycta	365565	Xylorycta cosmopis	 	 	 	Vouchered:Registered Collection	 	P.M. Heath	2005-04-01	A	 	S	 	Light trap, collected April 2005, no day specified	-32.133	115.832	 	 	Australia	Western Australia	Perth Metro	Kogolup Lake, Beeliar Reg Park	1955122	http://v3.boldsystems.org/pics/WALPA/IMG_5545+1365084868.jpg	CreativeCommons - Attribution	5982201|5982154|5982060|5196179|5196084|5982107	http://trace.boldsystems.org/traceIO/bold.org/7828828|http://trace.boldsystems.org/traceIO/bold.org/7828781|http://trace.boldsystems.org/traceIO/bold.org/7828687|http://trace.boldsystems.org/traceIO/bold.org/7042781|http://trace.boldsystems.org/traceIO/bold.org/7042686|http://trace.boldsystems.org/traceIO/bold.org/7828734	2013-11-27 15:24:14|2013-11-27 17:06:25|2013-11-27 12:16:52|2013-05-03 02:40:40|2013-04-30 21:02:42|2013-11-27 16:48:08	Centre for Biodiversity Genomics|Centre for Biodiversity Genomics|Centre for Biodiversity Genomics|Centre for Biodiversity Genomics|Centre for Biodiversity Genomics|Centre for Biodiversity Genomics	R|F|F|R|R|R	LepR1|MLepF1|LepF1|LepR1|LepR1|MLepR2	COI-5P|COI-5P|COI-5P|COI-5P|COI-5P|COI-5P
WALPB2273-14	BIOUG12057-E07	4393233	BIOUG12057-E07	 	Centre for Biodiversity Genomics	BOLD:AAV7244	20	Arthropoda	82	Insecta	113	Lepidoptera	417	Xyloryctidae	52120	Xyloryctinae	76999	Xylorycta	365565	Xylorycta cosmopis	 	 	Paul Hebert	 	 	P.M. Heath	2013-04-01	A	 	 	 	No day specified, WA 6121	-32.219	115.899	 	 	Australia	Western Australia	 	Perth Metro, Modong Nature Reserve, Thomas Rd	2292919	http://v3.boldsystems.org/pics/WALPB/BIOUG12057-E07+1397743768.JPG	CreativeCommons - Attribution	6463229	http://trace.boldsystems.org/traceIO/bold.org/8309392	2014-06-09 16:54:57	Centre for Biodiversity Genomics	R	LepR1	COI-5P
WALPB2359-14	BIOUG12059-D10	4396219	BIOUG12059-D10	 	Centre for Biodiversity Genomics	BOLD:AAV7244	20	Arthropoda	82	Insecta	113	Lepidoptera	417	Xyloryctidae	52120	Xyloryctinae	76999	Xylorycta	365565	Xylorycta cosmopis	 	 	Paul Hebert	 	 	P.M. Heath	2013-05-01	A	 	 	 	No day specified	-34.207	119.424	 	 	Australia	Western Australia	 	Great Southern Region, Fitzgerald River National P	2316348	http://v3.boldsystems.org/pics/WALPB/BIOUG12059-D10+1399987326.JPG	CreativeCommons - Attribution	6520384	http://trace.boldsystems.org/traceIO/bold.org/8365217	2014-06-16 16:51:17	Centre for Biodiversity Genomics	R	LepR1	COI-5P
WALPB3148-14	BIOUG13745-F08	4733269	BIOUG13745-F08	 	Centre for Biodiversity Genomics	BOLD:AAV7244	20	Arthropoda	82	Insecta	113	Lepidoptera	417	Xyloryctidae	52120	Xyloryctinae	76999	Xylorycta	365565	Xylorycta cosmopis	 	 	Paul Hebert	Vouchered:Registered Collection	 	P.M. Heath	2013-04-01	A	 	 	 	WA 6163, light trap, no day specified	-32.086	115.831	GPS	 	Australia	Western Australia	 	Cockburn Wetland Education Centre, Hope Rd, Perth	2388123	http://v3.boldsystems.org/pics/WALPB/BIOUG13745-F08+1406716860.JPG	CreativeCommons - Attribution	6793485	http://trace.boldsystems.org/traceIO/bold.org/8633933	2014-08-13 08:19:58	Centre for Biodiversity Genomics	R	LepR1	COI-5P
WALPB3149-14	BIOUG13745-F09	4733270	BIOUG13745-F09	 	Centre for Biodiversity Genomics	BOLD:AAV7244	20	Arthropoda	82	Insecta	113	Lepidoptera	417	Xyloryctidae	52120	Xyloryctinae	76999	Xylorycta	365565	Xylorycta cosmopis	 	 	Paul Hebert	Vouchered:Registered Collection	 	P.M. Heath	2013-04-01	A	 	 	 	WA 6163, light trap, no day specified	-32.086	115.831	GPS	 	Australia	Western Australia	 	Cockburn Wetland Education Centre, Hope Rd, Perth	2388124	http://v3.boldsystems.org/pics/WALPB/BIOUG13745-F09+1406716860.JPG	CreativeCommons - Attribution	6793486	http://trace.boldsystems.org/traceIO/bold.org/8633934	2014-08-13 08:19:58	Centre for Biodiversity Genomics	R	LepR1	COI-5P
WALPC117-14	BIOUG16871-B10	5209057	BIOUG16871-B10	 	Centre for Biodiversity Genomics	BOLD:AAV7244	20	Arthropoda	82	Insecta	113	Lepidoptera	417	Xyloryctidae	52120	Xyloryctinae	76999	Xylorycta	365565	Xylorycta cosmopis	 	 	Paul Hebert	Vouchered:Registered Collection	 	P.M. Heath	2013-12-01	A	 	 	 	 	-31.1769	115.861	GPS	 	Australia	Western Australia	 	Boonanarring, Wannamal Rd. West, WA6503	2471875	http://v3.boldsystems.org/pics/WALPC/BIOUG16871-B10+1415841240.JPG	CreativeCommons - Attribution	7243359	http://trace.boldsystems.org/traceIO/bold.org/9070092	2014-12-04 04:14:42	Centre for Biodiversity Genomics	R	LepR1	COI-5P
WALPC5023-15	BIOUG19651-G09	5592584	BIOUG19651-G09	 	Centre for Biodiversity Genomics	BOLD:AAV7244	20	Arthropoda	82	Insecta	113	Lepidoptera	417	Xyloryctidae	52120	Xyloryctinae	76999	Xylorycta	365565	Xylorycta cosmopis	 	 	Jeremy deWaard	 	 	P.M.Heath	2014-04-01	A	 	S	 	Collected April 2014, no day specified	-32.301	116.201	 	 	Australia	Western Australia	 	Gleneagle Forest, Perth	2572042	http://v3.boldsystems.org/pics/WALPC/BIOUG19651-G09+1426269710.JPG	CreativeCommons - Attribution	7750019	http://trace.boldsystems.org/traceIO/bold.org/9573824	2015-04-22 21:09:11	Centre for Biodiversity Genomics	R	LepR1	COI-5P
